Topic_Type,Date_Extracted,Published_Date,Heading,URL,Body_Snippet,Source_Site
Organic Search Result,2026-06-01,1 มี.ค. 2026,รวมโปรโมชันบัตรเครดิต : อื่นๆ,https://www.kasikornbank.com/th/promotion/creditcard/category/other/education/,บริการชำระ / รับชำระเงิน; ดิจิทัลแบงก์กิ้ง; ระหว่างประเทศ; ลงทุน; บัญชี; บัตรธุรกิจ; ประกัน; บริการ. บทความ. ลูกค้า Wealth. KBank Private Banking · THE WISDOM · THE PREMIER ...,www.kasikornbank.com
Organic Search Result,2026-06-01,Unknown,KBank - 📌ธนาคารแจ้งปิดบริการชั่วคราว เพื่อพัฒนาระบบให้มี ...,https://www.facebook.com/KBankLive/photos/%E0%B8%98%E0%B8%99%E0%B8%B2%E0%B8%84%E0%B8%B2%E0%B8%A3%E0%B9%81%E0%B8%88%E0%B9%89%E0%B8%87%E0%B8%9B%E0%B8%B4%E0%B8%94%E0%B8%9A%E0%B8%A3%E0%B8%B4%E0%B8%81%E0%B8%B2%E0%B8%A3%E0%B8%8A%E0%B8%B1%E0%B9%88%E0%B8%A7%E0%B8%84%E0%B8%A3%E0%B8%B2%E0%B8%A7-%E0%B9%80%E0%B8%9E%E0%B8%B7%E0%B9%88%E0%B8%AD%E0%B8%9E%E0%B8%B1%E0%B8%92%E0%B8%99%E0%B8%B2%E0%B8%A3%E0%B8%B0%E0%B8%9A%E0%B8%9A%E0%B9%83%E0%B8%AB%E0%B9%89%E0%B8%A1%E0%B8%B5%E0%B8%9B%E0%B8%A3%E0%B8%B0%E0%B8%AA%E0%B8%B4%E0%B8%97%E0%B8%98%E0%B8%B4%E0%B8%A0%E0%B8%B2%E0%B8%9E%E0%B8%A2%E0%B8%B4%E0%B9%88%E0%B8%87%E0%B8%82%E0%B8%B6%E0%B9%89%E0%B8%99%E0%B8%95%E0%B8%B1%E0%B9%89%E0%B8%87%E0%B9%81%E0%B8%95%E0%B9%88%E0%B9%80%E0%B8%A7%E0%B8%A5%E0%B8%B2-01/956928046899765/,ปัจจุบันบริการ K PLUS สามารถเข้าใช้งานได้ตามปกตินะคะ หากพบปัญหาการเข้าใช้งาน สามารถแจ้งข้อมูลทาง KBank Live LINE Official ที่ Line ID: @kbanklive แล้วพิมพ์ @kccfb เพื่อติดต่อเจ้าหน้าที่ได้ ...,www.facebook.com
Organic Search Result,2026-06-01,14 ก.พ. 2026,GULF เข้าซื้อหุ้น KBANK ขึ้นเป็นผู้ถือหุ้นอันดับ 2 - InnovestX,https://www.innovestx.co.th/cafeinvest/strategy-insight/stock-strategy/news-update/gluf-news-20260214,เรามีมุมมองเชิงบวกต่อการเข้าซื้อ KBANK ของ GULF เนื่องจาก KBANK ยังถือว่าเป็นหุ้นที่ดี มี liquidity สูง และมี P/BV และ P/E ต่ำ บวกกับจ่ายปันผลสูงประมาณ 7-8% ต่อปี นอกจากนี้ยังอาจจะเห็น Synergy ...,www.innovestx.co.th
Organic Search Result,2026-06-01,16 ก.พ. 2026,KBANK แจ้งการเปลี่ยนแปลงสัดส่วนถือหุ้น GULF ถือเพิ่มเป็น ...,https://thunhoon.com/kbank-gulf-shareholder-16022026,KBANK แจ้งการเปลี่ยนแปลงสัดส่วนถือหุ้น GULF ถือเพิ่มเป็น 10.0298%,thunhoon.com
Organic Search Result,2026-06-01,9 ก.พ. 2026,MAKE by KBank แอปจัดการเงิน,https://play.google.com/store/apps/details?id=com.kasikornbank.makebykbank&hl=ne,"KBank द्वारा बनाउनुहोस् - पैसा व्यवस्थापन अनुप्रयोग र ई-बचत खाता। कमाईको ब्याज दैनिक हेर्न सकिन्छ, र साइन अप गर्न केडीई बैंक खाता आवश्यक पर्दैन। एकै ठाउँमा आफ्नो सबै वित्तीय गतिविधिहरू प्रबन्ध गर्नुहोस्।",play.google.com
Organic Search Result,2026-06-01,9 ก.พ. 2026,KASIKORNBANK KBANK TB,"https://www.fnsyrus.com/uploads/research/20260209KASIKORNBANK(KBANKTB)-Cautiousoutlook,dividend-focused;DowngradetoHOLDTPTHB190.00_TH.pdf",KBANK ประกาศอัตราการจ่ายเงินปันผลปกติสาหรับปี 2025 ที่ 50–60% ควบคู่กับแผนซื้อหุ้นคืนที่ได้. ประกาศไว้ก่อนหน้า แม้ว่าผู้บริหารยังไม่ได้ยืนยันการจ่ายเงินปันผล ...,www.fnsyrus.com
Organic Search Result,2026-06-01,17 ก.พ. 2026,หางาน kbank สมัครงาน kbank - พ.ค. 2569,https://www.jobtopgun.com/th/jobs/kbank-jobs,รวมงาน kbank 390+ ตำแหน่งจากบริษัทชั้นนำ ค้นหาตำแหน่งงาน kbank ที่ใช่ อัปเดตพ.ค. 2569 พร้อมรีวิวจริงก่อนสมัคร | JOBTOPGUN.,www.jobtopgun.com
Organic Search Result,2026-06-01,26 ก.พ. 2026,MAKE by KBank ตอกย้ำผู้นำแอปจัดการด้านการเงินอันดับ 1 ชู ...,https://www.kasikornbank.com/th/news/pages/cloud_pocket.aspx,​ MAKE by KBank เดินหน้าตอกย้ำความเป็นผู้นำอันดับ 1 ด้าน “แอปจัดการด้านการเงินสำหรับคนรุ่นใหม่” ด้วยข้อมูลสะท้อนความนิยมอย่างต่อเนื่อง โดยกว่า 72% ของผู้ใช้งานทั้งหมดเป็นกลุ่มอายุต่ำกว่า 29 ปี ขณะที่ ...,www.kasikornbank.com
Organic Search Result,2026-06-01,26 ก.พ. 2026,MAKE by KBank ตอกย้ำผู้นำแอปจัดการด้านการเงินอันดับ 1 ชู ...,https://www.kasikornbank.com/th/news/pages/cloud_pocket.aspx,​ MAKE by KBank เดินหน้าตอกย้ำความเป็นผู้นำอันดับ 1 ด้าน “แอปจัดการด้านการเงินสำหรับคนรุ่นใหม่” ด้วยข้อมูลสะท้อนความนิยมอย่างต่อเนื่อง โดยกว่า 72% ของผู้ใช้งานทั้งหมดเป็นกลุ่มอายุต่ำกว่า 29 ปี ขณะที่ ...,www.kasikornbank.com
Organic Search Result,2026-06-01,Unknown,กดแชร์ไว้เลย! เดี๋ยวนี้จองคิวสาขาล่วงหน้า ผ่าน LINE KBank Live ได้ ...,https://www.facebook.com/KBankLive/videos/%E0%B8%81%E0%B8%94%E0%B9%81%E0%B8%8A%E0%B8%A3%E0%B9%8C%E0%B9%84%E0%B8%A7%E0%B9%89%E0%B9%80%E0%B8%A5%E0%B8%A2-%E0%B9%80%E0%B8%94%E0%B8%B5%E0%B9%8B%E0%B8%A2%E0%B8%A7%E0%B8%99%E0%B8%B5%E0%B9%89%E0%B8%88%E0%B8%AD%E0%B8%87%E0%B8%84%E0%B8%B4%E0%B8%A7%E0%B8%AA%E0%B8%B2%E0%B8%82%E0%B8%B2%E0%B8%A5%E0%B9%88%E0%B8%A7%E0%B8%87%E0%B8%AB%E0%B8%99%E0%B9%89%E0%B8%B2-%E0%B8%9C%E0%B9%88%E0%B8%B2%E0%B8%99-line-kbank-live-%E0%B9%84%E0%B8%94%E0%B9%89%E0%B9%81%E0%B8%A5%E0%B9%89%E0%B8%A7-%E0%B9%84%E0%B8%A1%E0%B9%88%E0%B8%95%E0%B9%89%E0%B8%AD%E0%B8%87%E0%B8%A3%E0%B8%AD%E0%B8%84/4280227358907128/,กดแชร์ไว้เลย! เดี๋ยวนี้จองคิวสาขาล่วงหน้า ผ่าน LINE KBank Live ได้แล้ว! ไม่ต้องรอคิวนานพร้อมแจ้งเตือนให้รู้ก่อนถึงคิว สะดวกกว่าเดิมไปได้อีก ลองเลย ...,www.facebook.com
Organic Search Result,2026-06-01,1 มี.ค. 2026,kbank,https://event.thaiticketmajor.com/privilege/kbank.html,หน้าแรก สิทธิประโยชน์ kbank. kbank. สิทธิพิเศษสำหรับผู้ถือบัตรเครดิตกสิกรไทย รับเครดิตเงินคืนสูงสุด 200 บาท* เมื่อซื้อบัตรคอนเสิร์ต หรือการแสดง ตั้งแต่ 200 ...,event.thaiticketmajor.com
Organic Search Result,2026-06-01,Unknown,KBank คว้า 4 รางวัล จากเวที Thailand Social Awards ครั้งที่ ...,https://www.instagram.com/p/DVLfm4GEx53/,"37 likes, 6 comments - kbanklive on February 25, 2026: "" KBank คว้า 4 รางวัล จากเวที Thailand Social Awards ครั้งที่ 14 โดยบริษัท ไวซ์ไซท์ (ประเทศไทย) จำกัด​ ...",www.instagram.com
Organic Search Result,2026-06-01,1 มี.ค. 2026,รวมโปรโมชันบัตรเครดิต : ท่องเที่ยว โรงแรม ตั๋วเครื่องบิน,https://www.kasikornbank.com/th/promotion/creditcard/category/flights-hotels/domestic-travel,โปรโมชันบัตรยอดนิยม ... บัตรเครดิต Platinum กสิกรไทย บัตรเครดิต Platinum กสิกรไทย · บัตรเครดิต THE PASSION กสิกรไทย บัตรเครดิต THE PASSION กสิกรไทย · บัตรเครดิต KBank JCB Platinum ...,www.kasikornbank.com
Organic Search Result,2026-06-01,17 ก.พ. 2026,KBANK ส่องหุ้นร้อน 17 ก.พ. 69,https://www.share2trade.com/news/52825/kbank-%E0%B8%AA%E0%B9%88%E0%B8%AD%E0%B8%87%E0%B8%AB%E0%B8%B8%E0%B9%89%E0%B8%99%E0%B8%A3%E0%B9%89%E0%B8%AD%E0%B8%99-17-%E0%B8%81%E0%B8%9E-69,ราคาหุ้น KBANK ปรับขึ้นไปแตะ 208.00 บาท ในการเปิดตลาดภาคเช้า หลัง GULF รายงานการได้มาซึ่งหุ้นของธนาคารกสิกรไทย จำกัด (มหาชน) หรือ KBANK จนสัดส่วนการถือหุ้นแตะระดับ 10.03% เมื่อวันที่ ...,www.share2trade.com
Organic Search Result,2026-06-01,9 ก.พ. 2026,KBANK - เป้าหมายทางการเงินปี 2569 - InnovestX,https://www.innovestx.co.th/cafeinvest/research/company-analysis/company-update/kbank-update-20260209,ในการประชุมนักวิเคราะห์ KBANK ยืนยันว่าจะคงนโยบายจ่ายเงินปันผลปกติที่ 50–60% โดยมีโอกาสจ่ายเงินปันผลพิเศษเพิ่มเติมและดำเนินโครงการซื้อหุ้นคืนอย่างต่อเนื่อง เป้าหมายทางการเงินปี 2569 บ่งชี้ถึง ...,www.innovestx.co.th
Organic Search Result,2026-06-01,Unknown,1 day with พนักงาน #KBank ชีวิตการทำงานเป็นแบบไหน มาดูกัน ...,https://www.tiktok.com/@kbank_live/video/7602549834314173717,"532 ถูกใจ,วิดีโอ TikTok จาก KBank Live (@kbank_live): ""1 day with พนักงาน #KBank ชีวิตการทำงานเป็นแบบไหน มาดูกัน ☺️ #KBankLivecontent #kbankliveชวนดู #พนักงานออฟฟิศ ...",www.tiktok.com
Organic Search Result,2026-06-01,Unknown,KBANK targets loan growth of 0-2% | TNN Money Making ...,https://www.youtube.com/watch?v=potFvBQNd8M,"""KBANK"" วางเป้าสินเชื่อโตร้อยละ 0-2 | TNN ชั่วโมงทำเงิน | 09-02-69 . ธนาคารกสิกรไทยประกาศเป้าหมายทางการเงินปี 2569 วางเป้าหมายสินเชื่อขยายตัวร้อยละ 0 - 2 ...",www.youtube.com
Organic Search Result,2026-06-01,Unknown,KBank Live - KBank Live added a new photo.,https://www.facebook.com/KBankLive/photos/d41d8cd9/957810440144859/,KBank Live added a new photo.,www.facebook.com
Organic Search Result,2026-06-01,3 ก.พ. 2026,กสิกรไทย-Orbix จับมือ Kbank-BPMG เกาหลีใต้ ศึกษาพัฒนา ...,https://isranews.org/article/isranews-pr-news/145158-KBank-242.html,กสิกรไทย และ Orbix Technology จับมือธนาคาร Kbank และ BPMG แห่งเกาหลีใต้ ร่วมศึกษาแนวทางพัฒนาโซลูชันบริการทางการเงินข้ามพรมแดนด้วยบล็อกเชน.,isranews.org
Organic Search Result,2026-06-01,Unknown,GULF ถือ KBANK ทะลุ 10% จับตากองทุนขยายพอร์ตตาม.!,https://www.youtube.com/watch?v=cMcVWb_dFwo,GULF ถือ KBANK ทะลุ 10% จับตากองทุนขยายพอร์ตตาม.! ติดตาม Kaohoon TV Online ได้ที่ Youtube : https://www.youtube.com/@KaohoonTVOnline Facebook ...,www.youtube.com
Organic Search Result,2026-06-01,3 ก.พ. 2026,กสิกรไทย และ Orbix Technology จับมือธนาคาร Kbank และ ...,https://www.kasikornbank.com/th/news/pages/orbix_kbank_bpmg.aspx,3 กุมภาพันธ์ 2569. กสิกรไทย และ Orbix Technology จับมือธนาคาร Kbank และ BPMG แห่งเกาหลีใต้ ร่วมศึกษาแนวทางพัฒนาโซลูชันบริการทางการเงินข้ามพรมแดนด้วยบล็อกเชน. Page Content.,www.kasikornbank.com
Organic Search Result,2026-06-01,1 มี.ค. 2026,ธนาคารกสิกรไทย (KBANK) ราคา-สเปค-โปรโมชั่นล่าสุด,https://www.checkraka.com/current-account/kbank/,เช็คราคาธนาคารกสิกรไทย (KBANK) ทุกรุ่น เปรียบเทียบ ราคา-สเปค-โปรโมชั่น ธนาคารกสิกรไทย (KBANK) ล่าสุด สั่งซื้อธนาคารกสิกรไทย (KBANK) ออนไลน์ทุกรุ่น.,www.checkraka.com
Organic Search Result,2026-06-01,17 ก.พ. 2026,หางาน kbank สมัครงาน kbank - พ.ค. 2569,https://www.jobtopgun.com/th/jobs/kbank-jobs,รวมงาน kbank 390+ ตำแหน่งจากบริษัทชั้นนำ ค้นหาตำแหน่งงาน kbank ที่ใช่ อัปเดตพ.ค. 2569 พร้อมรีวิวจริงก่อนสมัคร | JOBTOPGUN.,www.jobtopgun.com
Organic Search Result,2026-06-01,Unknown,What does KBANK gain or lose when GULF holds more than ...,https://www.youtube.com/watch?v=5QqLQNu9Jzg,KBANK ได้หรือเสีย? เมื่อ GULF ถือหุ้นเกิน 10% . มีเคสที่น่าสนใจทั้งวงการพลังงานและการเงิน เมื่อ GULF ขยับขึ้นมาถือหุ้น KBANK เกิน 10% คำถามสำคัญคือ KBANK “ได้ประโยชน์” จริงหรือไม่?,www.youtube.com
Organic Search Result,2026-06-01,26 ก.พ. 2026,กสิกรไทยประกาศจัดประชุมสามัญผู้ถือหุ้นปี 2569,https://www.kasikornbank.com/th/news/pages/announces_the_2026_agm.aspx,ลูกค้าธุรกิจ. หน้าหลัก; สินเชื่อ; บริการชำระ / รับชำระเงิน; ดิจิทัลแบงก์กิ้ง; ระหว่างประเทศ; ลงทุน; บัญชี; บัตรธุรกิจ; ประกัน; บริการ. บทความ. ลูกค้า Wealth. KBank Private Banking · THE ...,www.kasikornbank.com
Organic Search Result,2026-06-01,4 ก.พ. 2026,ประกันออมสั้น ขยันคืนทุกปี 14/3 - MAKE by KBank,https://makebykbank.kbtg.tech/insurance/saving/taxsaving,ติดต่อเรา. กสิกร บิซิเนส-เทคโนโลยี กรุ๊ป เลขที่ 46/6 อาคาร KBTG ถนนป๊อปปูล่า ตำบลบ้านใหม่ อำเภอปากเกร็ด จังหวัดนนทบุรี 11120. โทร 02-8888888 ต่อ 801. Facebook: MAKE by KBank. นโยบาย ...,makebykbank.kbtg.tech
Organic Search Result,2026-06-01,Unknown,KBank - บัญชีเงินฝาก แยกกระเป๋าได้! K-ePocket ...,https://www.facebook.com/KBankLive/photos/%E0%B8%9A%E0%B8%B1%E0%B8%8D%E0%B8%8A%E0%B8%B5%E0%B9%80%E0%B8%87%E0%B8%B4%E0%B8%99%E0%B8%9D%E0%B8%B2%E0%B8%81-%E0%B9%81%E0%B8%A2%E0%B8%81%E0%B8%81%E0%B8%A3%E0%B8%B0%E0%B9%80%E0%B8%9B%E0%B9%8B%E0%B8%B2%E0%B9%84%E0%B8%94%E0%B9%89-k-epocket-%E0%B8%9A%E0%B8%B1%E0%B8%8D%E0%B8%8A%E0%B8%B5%E0%B9%80%E0%B8%87%E0%B8%B4%E0%B8%99%E0%B8%9D%E0%B8%B2%E0%B8%81%E0%B8%AD%E0%B8%AD%E0%B8%A1%E0%B8%97%E0%B8%A3%E0%B8%B1%E0%B8%9E%E0%B8%A2%E0%B9%8C-%E0%B9%80%E0%B8%87%E0%B8%B4%E0%B8%99%E0%B8%A3%E0%B9%89%E0%B8%B2%E0%B8%99%E0%B9%84%E0%B8%A1%E0%B9%88%E0%B8%9B%E0%B8%99%E0%B9%80%E0%B8%87%E0%B8%B4%E0%B8%99%E0%B9%83%E0%B8%8A%E0%B9%89-/954218827170687/,KBank - บัญชีเงินฝาก แยกกระเป๋าได้! K-ePocket บัญชีเงินฝากออมทรัพย์ เงินร้านไม่ปนเงินใช้ จัดการร้านค้าได้ เห็นยอดขายชัดเจน เปิดบัญชีเงินฝากออมทรัพย์ K ...,www.facebook.com
Organic Search Result,2026-06-01,Unknown,"Good news! The Bank of Thailand, KBank, and CIMB THAI ...",https://www.youtube.com/watch?v=CPEts53-hAw,"ข่าวดี ""ธปท.-KBank-CIMB THAI"" ปรับเพิ่ม GDP ไทย ปี 69 หลังตัวเลข Q4 ปี 68 โตเกินคาด #topnewstv #เศรษฐกิจไทย #ธปท.",www.youtube.com
Organic Search Result,2026-06-01,16 ก.พ. 2026,GULF ย้ำถือหุ้น KBANK ไม่แทรกแซงนโยบาย - บริหาร,https://www.hoonvision.com/hoonset/gulf-%E0%B8%A2%E0%B9%89%E0%B8%B3%E0%B8%96%E0%B8%B7%E0%B8%AD%E0%B8%AB%E0%B8%B8%E0%B9%89%E0%B8%99-kbank-%E0%B9%84%E0%B8%A1%E0%B9%88%E0%B9%81%E0%B8%97%E0%B8%A3%E0%B8%81%E0%B9%81%E0%B8%8B%E0%B8%87/,... (KBANK) และประกาศของธนาคาร ที่ สอ. 005/2569 เรื่อง รายงานการเปลี่ยนแปลงสัดส่วนการถือหุ้นของธนาคารตามแบบรายงานการได้มาหรือจำหน่ายหลักทรัพย์ (แบบ 246-2) นั้น,www.hoonvision.com
Organic Search Result,2026-06-01,26 ก.พ. 2026,กรรมการของ บมจ. ธนาคารกสิกรไทย ลาออก,https://www.set.or.th/th/market/news-and-alert/newsdetails?id=101751201&symbol=KBANK,กรรมการของ บมจ. ธนาคารกสิกรไทย ลาออก. หลักทรัพย์ KBANK. แหล่งข่าว KBANK. รายละเอียดแบบเต็ม.,www.set.or.th
Organic Search Result,2026-06-01,Unknown,📌🌸 ปักหมุดจุดฮิต เที่ยวญี่ปุ่นใช้ K+ Go Inter สแกนจ่ายเงิน ...,https://x.com/KBank_Live/status/2027337931992793167,KBank Live (@KBank_Live). ปักหมุดจุดฮิต เที่ยวญี่ปุ่นใช้ K+ Go Inter สแกนจ่ายเงินสะดวก ทุกร้านค้าที่มีสัญลักษณ์ Alipay+ พิเศษ! รับส่วนลดสูงสุด 10%* ที่ร้านค้าที่ร่วมรายการ และมีสัญลักษณ์ ...,x.com
Organic Search Result,2026-06-01,18 ก.พ. 2026,ORN ขึ้นแท่น EDGE Champion รายแรกภาคเหนือ จับมือ KBANK,https://ornsirin.co.th/orn-edge-champion-kbank-ifc/,"ORN ขึ้นแท่น EDGE Champion รายแรกภาคเหนือ จับมือ KBANK – IFC ยกระดับอสังหาฯ ไทยสู่มาตรฐานสากล. กุมภาพันธ์ 18, 2026; 4:11 pm. ORN ประกาศความสำเร็จ ขึ้นแท่น EDGE ...",ornsirin.co.th
Organic Search Result,2026-06-01,26 ก.พ. 2026,GULF ส่งกรรมการอิสระ 2 ท่าน เข้าไปเป็นคณะกรรมการ KBANK,https://www.innovestx.co.th/cafeinvest/strategy-insight/stock-strategy/news-update/gluf-news-20260226,KBANK ประกาศจัดประชุมสามัญผู้ถือหุ้นปี 2569 ในวันที่ 10 เมษายน 2569 โดยมีการเสนอชื่อกรรมการอิสระจำนวน 2 ท่าน ได้แก่ นางสาวชูศรี เกียรติขจรกุล และ รองศาสตราจารย์ ดร.,www.innovestx.co.th
Organic Search Result,2026-06-01,Unknown,ใครมีบัตรเครดิต KBank รีบพกบัตรไปรับตั๋วหนัง QUARTIER ...,https://www.instagram.com/reel/DVVT5ZUEcVz/,"English Transcript. Any KBank credit card holder can get a free movie ticket at Quartier Cineart, 1 seat, just like this. You can present your card and claim ...",www.instagram.com
Organic Search Result,2026-06-01,12 ก.พ. 2026,บัตรเครดิตกสิกรไทย,https://promotion.homepro.co.th/img_promo/75/1.Kbank%20(Bank%20Host)_1%20Jan%2026%20-%2030%20Apr%2026.pdf,... (KBank Smart. Cash) รายการใช ้จ่ายที่ผู้ถือบัตรเปลี่ยนเป็นยอดผ่อนช าระ (Smart Pay by Phone และ Smart Pay by K. PLUS) รายการเบิกถอนเงินสด (Cash advance) หรือยอด ...,promotion.homepro.co.th
Organic Search Result,2026-06-01,27 ก.พ. 2026,KBANK ดาโอชี้จ่ายปันผลครึ่งหลังปี 68 สูงกว่าคาด แนะนำซื้อ,https://thunhoon.com/kbank-daol-div-27022026,#KBANK #ทันหุ้น-บล.ดาโอ(ประเทศไทย) ออกบทวิเคราะห์หุ้นธนาคาร กสิกรไทย จำกัด(มหาชน) หรือ KBANK ที่คณะกรรมการอนุมัติจ่ายเงินปันผลงวดครึ่งหลังปี 2568 ที่ 10 บาท และมีจ่ายเงินปันผลพิเศษอีก 2 ...,thunhoon.com
Organic Search Result,2026-06-01,Unknown,K CONNECT INTERTRADE - FCD Transfer,https://www.youtube.com/playlist?list=PLxoHCXy6pdj9rsTLBJk34DtoIHE_kTI9j,KBank Live · 4:26 · KCIT - อนุมัติจาก Transaction List รายการ FCD ต่างธนาคารภายในประเทศ. KBank Live · 1:03. KCIT - อนุมัติจาก Dashboard รายการ FCD ต่างธนาคารภายในประเทศ.,www.youtube.com
Organic Search Result,2026-06-01,Unknown,UNVEIL THE NEW WISDOM​ เปิดตัวบัตร THE WISDOM ใหม่ ...,https://www.facebook.com/KBankLive/videos/unveil-the-new-wisdom-%E0%B9%80%E0%B8%9B%E0%B8%B4%E0%B8%94%E0%B8%95%E0%B8%B1%E0%B8%A7%E0%B8%9A%E0%B8%B1%E0%B8%95%E0%B8%A3-the-wisdom-%E0%B9%83%E0%B8%AB%E0%B8%A1%E0%B9%88-%E0%B8%AA%E0%B8%B0%E0%B8%97%E0%B9%89%E0%B8%AD%E0%B8%99%E0%B8%84%E0%B8%A7%E0%B8%B2%E0%B8%A1%E0%B9%80%E0%B8%9B%E0%B9%87%E0%B8%99%E0%B9%80%E0%B8%AD%E0%B8%81%E0%B8%A5%E0%B8%B1%E0%B8%81%E0%B8%A9%E0%B8%93%E0%B9%8C%E0%B9%80%E0%B8%89%E0%B8%9E%E0%B8%B2%E0%B8%B0%E0%B8%95%E0%B8%B1/1969220760360705/,KBank Live. 󱢏. ใช่ค่ะ ธนาคารมีการออกแบบบัตรเครดิต The Wisdom ดีไซน์ใหม่นะคะ หาก ...,www.facebook.com
Organic Search Result,2026-06-01,17 ก.พ. 2026,โลกธุรกิจ - KBANK คาดกรอบค่าบาท 30.70-31.50/ดอลลาร์,https://www.naewna.com/business/947378,ธนาคารกสิกรไทย (KBANK) มองกรอบการเคลื่อนไหวของค่าเงินบาทในสัปดาห์นี้ (ระหว่างวันที่ 16-20 กุมภาพันธ์ 2569) ที่ระดับ 30.70-31.50 บาท/ดอลลาร์สหรัฐ จากปิดตลาดวันศุกร์ที่ 13 กุมภาพันธ์ 2569 ...,www.naewna.com
Organic Search Result,2026-06-01,Unknown,ใครมีบัตรเครดิต KBank รีบพกบัตรไปรับตั๋วหนัง QUARTIER ...,https://www.instagram.com/reel/DVVT5ZUEcVz/,"English Transcript. Any KBank credit card holder can get a free movie ticket at Quartier Cineart, 1 seat, just like this. You can present your card and claim ...",www.instagram.com
Organic Search Result,2026-06-01,12 ก.พ. 2026,บัตรเครดิตกสิกรไทย,https://promotion.homepro.co.th/img_promo/75/1.Kbank%20(Bank%20Host)_1%20Jan%2026%20-%2030%20Apr%2026.pdf,... (KBank Smart. Cash) รายการใช ้จ่ายที่ผู้ถือบัตรเปลี่ยนเป็นยอดผ่อนช าระ (Smart Pay by Phone และ Smart Pay by K. PLUS) รายการเบิกถอนเงินสด (Cash advance) หรือยอด ...,promotion.homepro.co.th
Organic Search Result,2026-06-01,19 ก.พ. 2026,ปมร้อน GULF-KBANK จากดีล INTUCH สู่ Hot issue ถือหุ้นแบงก์,https://www.prachachat.net/finance/news-1966358,โดย นางสาววิภาวิน พรหมบุญ ผู้ช่วยผู้ว่าการ สายนโยบายสถาบันการเงิน ธปท. ชี้แจงว่า การนับสัดส่วนการถือหุ้นตามหลักเกณฑ์ของ ก.ล.ต. กับ ธปท. มีความแตกต่างกัน. กล่าวคือ ก.ล.ต.จะหักหุ้นที่ KBANK ...,www.prachachat.net
Organic Search Result,2026-06-01,16 ก.พ. 2026,สรุปกรณี GULF ถือหุ้น KBANK เพิ่มเป็น 10% ต้องขออนุญาต ธป ...,https://www.amarintv.com/spotlight/finance/538303,จากกรณีบริษัท กัลฟ์ ดีเวลลอปเมนท์ จำกัด (มหาชน) หรือ GULF เข้าซื้อหุ้นธนาคารกสิกรไทย จำกัด (มหาชน) หรือ KBANK เพิ่มเติม จนทำให้สัดส่วนการถือหุ้นขยับขึ้นมาอยู่ที่ 10.03% ...,www.amarintv.com
Organic Search Result,2026-06-01,6 ก.พ. 2026,อัปเดตการลงทุนน้ำมัน ก.พ. 69 - K WEALTH,https://www.kasikornbank.com/th/kwealth/Pages/a1193-t2-hyb-oil-investment-update-feb-kgth.aspx,สแกน QR Code โดยใช้ กล้องมือถือ หรือ LINE เพื่อดำเนินการต่อบน LINE KBank Live. KBank_Live QR Code ดำเนินการต่อบน KBank Live. โทรปรึกษาผู้เชี่ยวชาญ. สอบถาม ...,www.kasikornbank.com
Organic Search Result,2026-06-01,16 ก.พ. 2026,'แบงก์ชาติ' ยัน 'GULF' ถือหุ้น 'KBANK' ไม่เกิน 10% ชี้เกณฑ์นับ ...,https://www.thebangkokinsight.com/news/stock-finance/stock/1616001/,ad. กล่าวคือ ก.ล.ต. จะหักหุ้นที่ KBANK จำหน่ายแล้วและซื้อคืนมา (Treasury Stock) ออกจากฐาน ...,www.thebangkokinsight.com
Organic Search Result,2026-06-01,Unknown,UNVEIL THE NEW WISDOM​ เปิดตัวบัตร THE WISDOM ใหม่ ...,https://www.facebook.com/KBankLive/videos/unveil-the-new-wisdom-%E0%B9%80%E0%B8%9B%E0%B8%B4%E0%B8%94%E0%B8%95%E0%B8%B1%E0%B8%A7%E0%B8%9A%E0%B8%B1%E0%B8%95%E0%B8%A3-the-wisdom-%E0%B9%83%E0%B8%AB%E0%B8%A1%E0%B9%88-%E0%B8%AA%E0%B8%B0%E0%B8%97%E0%B9%89%E0%B8%AD%E0%B8%99%E0%B8%84%E0%B8%A7%E0%B8%B2%E0%B8%A1%E0%B9%80%E0%B8%9B%E0%B9%87%E0%B8%99%E0%B9%80%E0%B8%AD%E0%B8%81%E0%B8%A5%E0%B8%B1%E0%B8%81%E0%B8%A9%E0%B8%93%E0%B9%8C%E0%B9%80%E0%B8%89%E0%B8%9E%E0%B8%B2%E0%B8%B0%E0%B8%95%E0%B8%B1/1969220760360705/,KBank Live. 󱢏. ใช่ค่ะ ธนาคารมีการออกแบบบัตรเครดิต The Wisdom ดีไซน์ใหม่นะคะ หาก ...,www.facebook.com
Organic Search Result,2026-06-01,26 ก.พ. 2026,KBANK จ่ายปันผลอีก 10 บาท/หุ้น +ปันผลพิเศษ 2 บาท/ ...,https://thunhoon.com/kbank260226,#ทันหุ้น #2026 #SET #KBANK จ่ายปันผลอีก 10 บาท/หุ้น +ปันผลพิเศษ 2 บาท/หุ้น XD 21 เม.ย. จ่าย 8 พ.ค. รวมทั้งปี 14 บาท. ธนาคารกสิกรไทย จำกัด (มหาชน) ...,thunhoon.com
Organic Search Result,2026-06-01,15 ก.พ. 2026,จับตา GULF เบอร์ 2 ถือหุ้น KBANK สัดส่วนเกิน 10%,https://www.workpointtoday.com/gulf-kbank-792389-2,ความเคลื่อนไหวสำคัญในตลาดหุ้นไทยเกิดขึ้นอีกครั้ง เมื่อ บมจ. กัลฟ์ ดีเวลลอปเมนท์ (GULF) รายงานการเข้าซื้อหุ้นของ ธนาคารกสิกรไทย (KBANK) เพิ่มเติม จนทำให้สัดส่วนการถือหุ้นขยับเกิน 10%.,www.workpointtoday.com
Organic Search Result,2026-06-01,26 ก.พ. 2026,"เริ่ม! GULF ดัน ""ชูศรี – ดร.ณรงค์เดช"" นั่งกรรมการอิสระ KBANK ชง ...",https://www.posttoday.com/business/stockholder/738573,"""กัลฟ์ ดีเวลลอปเมนท์ (GULF)"" ใช้สิทธิผู้ถือหุ้น เสนอแต่งตั้ง ""ชูศรี เกียรติขจรกุล – ดร.ณรงค์เดช สรุโฆษิต"" ดำรงตำแหน่งกรรมการอิสระ ธนาคารกสิกรไทย (KBANK) เตรียมนำเสนอที่ประชุมสามัญผู้ถือหุ้น 10 ...",www.posttoday.com
Organic Search Result,2026-06-01,27 ก.พ. 2026,KBANK หั่นดอกเบี้ยเงินกู้ MLR-MOR-MRR หนุนศก.ฟื้นตัว มีผล 2 ...,https://www.infoquest.co.th/2026/572579,ธนาคารกสิกรไทย [KBANK] ปรับลดอัตราดอกเบี้ยเงินกู้ โดยมีผลตั้งแต่วันที่ 2 มีนาคม 2569 เป็นต้นไป. อัตราดอกเบี้ยสำหรับลูกค้ารายใหญ่ชั้นดี ประเภทเงินกู้แบบมีระยะเวลา (MLR) ปรับลดลงเป็น 6.52% ...,www.infoquest.co.th
Organic Search Result,2026-06-01,15 ก.พ. 2026,GULF แจงกรณีถือหุ้น KBANK เพิ่ม ชี้ไม่เข้าเกณฑ์ต้องขออนุญาต ...,https://www.thansettakij.com/finance/stockmarket/651654,GULF แจงยื่นแบบ 246-2 หลังสัดส่วนสิทธิออกเสียงใน KBANK ข้าม 10% ย้ำเป็นเพียงเกณฑ์รายงานของ ก.ล.ต. ชี้คำนวณตามหลักเกณฑ์ ธปท. การถือหุ้นยังไม่เกิน 10% จึงยังไม่ต้องขออนุญาต.,www.thansettakij.com
Organic Search Result,2026-06-01,17 ก.พ. 2026,โลกธุรกิจ - KBANK คาดกรอบค่าบาท 30.70-31.50/ดอลลาร์,https://www.naewna.com/business/947378,ธนาคารกสิกรไทย (KBANK) มองกรอบการเคลื่อนไหวของค่าเงินบาทในสัปดาห์นี้ (ระหว่างวันที่ 16-20 กุมภาพันธ์ 2569) ที่ระดับ 30.70-31.50 บาท/ดอลลาร์สหรัฐ จากปิดตลาดวันศุกร์ที่ 13 กุมภาพันธ์ 2569 ...,www.naewna.com
Organic Search Result,2026-06-01,16 ก.พ. 2026,สรุปกรณี GULF ถือหุ้น KBANK เพิ่มเป็น 10% ต้องขออนุญาต ธป ...,https://www.amarintv.com/spotlight/finance/538303,จากกรณีบริษัท กัลฟ์ ดีเวลลอปเมนท์ จำกัด (มหาชน) หรือ GULF เข้าซื้อหุ้นธนาคารกสิกรไทย จำกัด (มหาชน) หรือ KBANK เพิ่มเติม จนทำให้สัดส่วนการถือหุ้นขยับขึ้นมาอยู่ที่ 10.03% ...,www.amarintv.com
Organic Search Result,2026-06-01,19 ก.พ. 2026,ปมร้อน GULF-KBANK จากดีล INTUCH สู่ Hot issue ถือหุ้นแบงก์,https://www.prachachat.net/finance/news-1966358,โดย นางสาววิภาวิน พรหมบุญ ผู้ช่วยผู้ว่าการ สายนโยบายสถาบันการเงิน ธปท. ชี้แจงว่า การนับสัดส่วนการถือหุ้นตามหลักเกณฑ์ของ ก.ล.ต. กับ ธปท. มีความแตกต่างกัน. กล่าวคือ ก.ล.ต.จะหักหุ้นที่ KBANK ...,www.prachachat.net
Organic Search Result,2026-06-01,26 ก.พ. 2026,KBANK ปันผลอีก 10 บาท ปันผลพิเศษ 2 บาท รวมจ่ายทั้งปีหุ้นละ ...,https://moneyandbanking.co.th/2026/227857/,บมจ.ธนาคารกสิกรไทย (KBANK) จ่ายปันผลอีก 10 บาท ปันผลพิเศษ 2 บาท ส่งผลให้อัตราการจ่ายเงินปันผลรวมทั้งปีอยู่ที่อัตราหุ้นละ 14.00 บาท.,moneyandbanking.co.th
Organic Search Result,2026-06-01,Unknown,MAKE by KBank ตอกย้ำแอปจัดการเงินอันดับ 1 ชู Cloud ...,https://www.instagram.com/p/DVNp2rNDyay/,"February 25. OCR. คำประกัน 30,000.00 30. 000. 00 make KBank เงินเก็มแสนแรก 60 60.000 0,000.00 .00 100.000.00 คำเที่ยวกันนี้ 32,000.00 .00 וה0 MAKE ...",www.instagram.com
Organic Search Result,2026-06-01,Unknown,GULF กำไรมีโมเมนตัมต่อเนื่องจาก โรงไฟฟ้าใหม่ Data Center ...,https://www.facebook.com/KSecurities/videos/gulf-%E0%B8%81%E0%B8%B3%E0%B9%84%E0%B8%A3%E0%B8%A1%E0%B8%B5%E0%B9%82%E0%B8%A1%E0%B9%80%E0%B8%A1%E0%B8%99%E0%B8%95%E0%B8%B1%E0%B8%A1%E0%B8%95%E0%B9%88%E0%B8%AD%E0%B9%80%E0%B8%99%E0%B8%B7%E0%B9%88%E0%B8%AD%E0%B8%87%E0%B8%88%E0%B8%B2%E0%B8%81-%E0%B9%82%E0%B8%A3%E0%B8%87%E0%B9%84%E0%B8%9F%E0%B8%9F%E0%B9%89%E0%B8%B2%E0%B9%83%E0%B8%AB%E0%B8%A1%E0%B9%88-data-center-%E0%B8%9B%E0%B8%B1%E0%B8%99%E0%B8%9C%E0%B8%A5-kbank/901715475976317/,GULF กำไรมีโมเมนตัมต่อเนื่องจาก โรงไฟฟ้าใหม่ Data Center ปันผล KBANK (25 ก.พ. 69) ฟังผ่าน Youtube :...,www.facebook.com
Organic Search Result,2026-06-01,Unknown,จัดการการเงินง่ายๆ ผ่าน MAKE by KBank,https://www.tiktok.com/@makebykbank/video/7602836855364635905,"483 ถูกใจ,วิดีโอ TikTok จาก MAKE By KBank (@makebykbank): ""เงินเดือนขึ้นแต่ยังไม่พอ! ใช้ MAKE by KBank ช่วยวางแผนการเงินและเก็บเงินให้มีประสิทธิภาพ #MAKEbyKBank #การเงิน ...",www.tiktok.com
Organic Search Result,2026-06-01,Unknown,👏🎉 KBank คว้า 4 รางวัล จากเวที Thailand Social Awards ครั้ง ...,https://x.com/KBank_Live/status/2026620857251148030,KBank Live (@KBank_Live). KBank คว้า 4 รางวัล จากเวที Thailand Social Awards ครั้งที่ 14 โดยบริษัท ไวซ์ไซท์ (ประเทศไทย) จำกัด​ . Outstanding Sustainability Brand ...,x.com
Organic Search Result,2026-06-01,16 ก.พ. 2026,'แบงก์ชาติ' ยัน 'GULF' ถือหุ้น 'KBANK' ไม่เกิน 10% ชี้เกณฑ์นับ ...,https://www.thebangkokinsight.com/news/stock-finance/stock/1616001/,ad. กล่าวคือ ก.ล.ต. จะหักหุ้นที่ KBANK จำหน่ายแล้วและซื้อคืนมา (Treasury Stock) ออกจากฐาน ...,www.thebangkokinsight.com
Organic Search Result,2026-06-01,Unknown,ว้าวนะ! เติม 100.- คืน 10.- รับเงินคืน 10.- แค่เติมเงินผ่าน MAKE บน ...,https://www.instagram.com/reel/DU5EtP_jaRR/,"Easily get 10 baht cashback just by topping up TrueMoney through the MAKE app today. Go to the TrueMoney app, press Top Up, press the MAKE by KBank icon, top up ...",www.instagram.com
Organic Search Result,2026-06-01,17 ก.พ. 2026,'แบงก์ชาติ'แจงยิบเกณฑ์ควบคุม'กัลฟ์'ถือหุ้น'KBank',https://isranews.org/article/isranews-news/145441-BOT-GULF-Shareholding-in-KBank-news.html,จากกรณีที่ ธนาคารแห่งประเทศไทย (ธปท.) ออกมาระบุว่า กรณีบริษัท กัลฟ์ ดีเวลลอปเมนท์ จำกัด (มหาชน) (GULF) เข้าไปถือหุ้นในธนาคารกสิกรไทย (KBank) ยังไม่เข้าหลักเกณฑ์ที่จะต้องขออนุญาตฯจาก ธปท.,isranews.org
Organic Search Result,2026-06-01,26 ก.พ. 2026,KBANK ปันผลอีก 10 บาท ปันผลพิเศษ 2 บาท รวมจ่ายทั้งปีหุ้นละ ...,https://today.line.me/th/v3/article/LXpe2Wj,วันที่ 26 ก.พ.2569 บมจ.ธนาคารกสิกรไทย (KBANK) แจ้งตลาดหลักทรัพย์แห่งประเทศไทยว่า ที่ประชุมคณะกรรมการบริษัทเห็นควรเสนอที่ประชุมผู้ถือหุ้นอนุมัติการจัดสรรกำไรจากผลการดำเนินงาน ปี 2568 และการ ...,today.line.me
Organic Search Result,2026-06-01,14 ก.พ. 2026,รับเงินคืน 100 บาท เมื่อสมัครสินเชื่อ LINE BK,https://makebykbank.kbtg.tech/promotions/20260215-linebk-promo,ข้อกำหนดและเงื่อนไข. Expand icon. รายการส่งเสริมการขายนี้ บริษัท กสิกร ไลน์ จำกัด (“LINE BK”) จัดทำขึ้นเพื่อมอบสิทธิประโยชน์สำหรับลูกค้าที่ได้รับเชิญผ่านช่องทางแอปพลิเคชัน MAKE by KBank ...,makebykbank.kbtg.tech
Organic Search Result,2026-06-01,Unknown,K CONNECT INTERTRADE - KCIT Common,https://www.youtube.com/playlist?list=PLxoHCXy6pdj9ErXVXZ27qr7bcnuRgw5GU,2:04. KCIT - วิธีปลดล็อครหัสผู้ใช้งาน ผู้ดูแลระบบคนที่ 2. KBank Live.,www.youtube.com
Organic Search Result,2026-06-01,Unknown,ข่าวธุรกิจ: กรุงไทยยีลด์สดใส KBANK ปันผล 12 บาท,https://www.tiktok.com/@kaohoon/video/7611427965452193025,"376 ถูกใจ,วิดีโอ TikTok จาก ข่าวหุ้นธุรกิจ (@kaohoon): ""ติดตามข่าวธุรกิจล่าสุด! กรุงไทยยีลด์พุ่ง 6.6% และ KBANK แจกปันผล 12 บาท! #ข่าวธุรกิจ #ข่าวเศรษฐกิจ #ข่าวหุ้นเจาะตลาด""",www.tiktok.com
Organic Search Result,2026-06-01,6 ก.พ. 2026,อัปเดตการลงทุนน้ำมัน ก.พ. 69 - K WEALTH,https://www.kasikornbank.com/th/kwealth/Pages/a1193-t2-hyb-oil-investment-update-feb-kgth.aspx,สแกน QR Code โดยใช้ กล้องมือถือ หรือ LINE เพื่อดำเนินการต่อบน LINE KBank Live. KBank_Live QR Code ดำเนินการต่อบน KBank Live. โทรปรึกษาผู้เชี่ยวชาญ. สอบถาม ...,www.kasikornbank.com
Organic Search Result,2026-06-01,26 ก.พ. 2026,KBANK ประกาศจัดประชุมสามัญผู้ถือหุ้นปี 2569,https://www.mitihoon.com/2026/02/26/620905/,id=101770701&symbol=KBANK. ติดตามช่องทางมิติหุ้นเพื่อรับข่าวสารตลาดทุนได้ ... KBANK · MAI · mitihoon · MitihoonNews · SET · กสิกรไทย · การลงทุน · การเงิน · ข่าว · ข่าวการ ...,www.mitihoon.com
Organic Search Result,2026-06-01,16 ก.พ. 2026,GULF แจงถือ KBANK ไม่แทรกแซง,https://www.hoonvision.com/economy-business/gulf-%E0%B9%81%E0%B8%88%E0%B8%87%E0%B8%96%E0%B8%B7%E0%B8%AD-kbank-%E0%B9%84%E0%B8%A1%E0%B9%88%E0%B9%81%E0%B8%97%E0%B8%A3%E0%B8%81%E0%B9%81%E0%B8%8B%E0%B8%87/,หุ้นวิชั่น – GULF ย้ำชัดถือ KBANK ไม่แทรกแซงนโยบายหรือบริหารงานของ KBANK ระบุเป็นเพียงผู้ถือหุ้น และรับข้อมูลเทียบเท่ารายอื่น พร้อมยื่นไฟลิ่งออกหุ้นกู้ 4 รุ่น อายุ 3–10 ปี เรตติ้ง “AA-” แนวโน้ม ...,www.hoonvision.com
Organic Search Result,2026-06-01,25 ก.พ. 2026,บัตรเครดิตธนาคารกสิกรไทย (KBank) Archives - Tins,https://thai-ins.com/category/%E0%B8%9A%E0%B8%B1%E0%B8%95%E0%B8%A3%E0%B9%80%E0%B8%84%E0%B8%A3%E0%B8%94%E0%B8%B4%E0%B8%95%E0%B8%98%E0%B8%99%E0%B8%B2%E0%B8%84%E0%B8%B2%E0%B8%A3%E0%B8%81%E0%B8%AA%E0%B8%B4%E0%B8%81%E0%B8%A3%E0%B9%84/,「บัตรเครดิตธนาคารกสิกรไทย (KBank)」の記事一覧です。,thai-ins.com
Organic Search Result,2026-06-01,6 ก.พ. 2026,KBANK ประกาศเป้าหมายปี 69 เติบโตย่างสมดุล เดินหน้ายกระดับ ...,https://hoonsmart.com/archives/402612,"HoonSmart.com>> ""ธนาคารกสิกรไทย"" (KBANK)ประกาศเป้าหมายทางการเงินปี 69 เติบโตอย่างสมดุล ท่ามกลางความท้าทายทางเศรษฐกิจ พร้อมเดินหน้ายกระดับยุทธศาสตร์ “3+1 และ Productivity” ...",hoonsmart.com
Organic Search Result,2026-06-01,13 ก.พ. 2026,GULF ผงาดขึ้น “เบอร์ 1 ตัวจริง” ใน KBANK หลังถือหุ้นทะลุ 10% ...,https://www.kaohoon.com/news/813197,GULF ผงาดขึ้น “เบอร์ 1 ตัวจริง” ใน KBANK หลังถือหุ้นทะลุ 10% สะท้านยุทธจักรการเงิน. “กัลฟ์” เทกโอเวอร์ “กสิกรไทย”??? หลังแจ้งการรวบหุ้นล่าสุดข้ามเกณฑ์ 10 ...,www.kaohoon.com
Organic Search Result,2026-06-01,14 ก.พ. 2026,การวิเคราะห์ทางเทคนิคหุ้น KBANK (Kasikornbank PCL),https://th.investing.com/equities/kasikornbank-technical,ค่า RSI กรอบเวลา 14 วันของหุ้น KBANKมีค่าอยู่ที่เท่าใด? ค่า Relative Strength Index (RSI) ในปัจจุบันของหุ้น KBANK ในช่วงระยะเวลา 14 วันมี ...,th.investing.com
Organic Search Result,2026-06-01,17 ก.พ. 2026,ธปท. ยันเข้มเกณฑ์ Conflict of Interest กำกับ GULF ถือหุ้น,https://www.ryt9.com/s/iq03/12790282,"ข่าวเศรษฐกิจ Tuesday February 17, 2026 16:37 —สำนักข่าวอินโฟเควสท์ (IQ). ธปท. ยันเข้มเกณฑ์ Conflict of Interest กำกับ GULF ถือหุ้น KBANK. นายสมชาย เลิศลาภวศิน ผู้ช่วยผู้ว่าการ ...",www.ryt9.com
Organic Search Result,2026-06-01,Unknown,"SIAMSPORT on Instagram: ""ตังกุย วิเคราะห์ หลังเกมที่อาร์เซน่อล ...",https://www.instagram.com/reel/DVFtQwaDIH6/,... KBank #กสิกรไทย #ประทับใจไปได้อีก #อาร์เซน่อล #สเปอร์ส #พรีเมียร์ลีก # ... KBank #กสิกรไทย #ประทับใจไปได้อีก #อาร์เซน่อล #สเปอร์ส #พรีเมียร์ลีก ...,www.instagram.com
Organic Search Result,2026-06-01,18 ก.พ. 2026,กสิกรไทยลุยหาดใหญ่ จัด “KBank Day” ช่วยผู้ประกบการร้านค้า ...,https://mgronline.com/south/detail/9690000016679,ศูนย์ข่าวหาดใหญ่ - ธนาคารกสิกรไทยจับมือผู้บริหารตลาดกิมหยง เดินหน้าฟื้นฟูเศรษฐกิจหาดใหญ่หลังน้ำท่วมใหญ่ เปิดตัวกิจกรรม “KBank Day ร้านค้าทั่วไทย ไปกันต่อ” ผลักดันโปรโมชั่นเสริมสภาพคล่อง ...,mgronline.com
Organic Search Result,2026-06-01,25 ก.พ. 2026,GULF กำไรติดจรวด! จ่อรับปันผล KBANK ปีละ 1.2-1.4 พันล้าน ...,https://www.share2trade.com/news/53060/gulf-%E0%B8%81%E0%B8%B3%E0%B9%84%E0%B8%A3%E0%B8%95%E0%B8%B4%E0%B8%94%E0%B8%88%E0%B8%A3%E0%B8%A7%E0%B8%94-%E0%B8%88%E0%B9%88%E0%B8%AD%E0%B8%A3%E0%B8%B1%E0%B8%9A%E0%B8%9B%E0%B8%B1%E0%B8%99%E0%B8%9C%E0%B8%A5-kbank-%E0%B8%9B%E0%B8%B5%E0%B8%A5%E0%B8%B0-12-14-%E0%B8%9E%E0%B8%B1%E0%B8%99%E0%B8%A5%E0%B9%89%E0%B8%B2%E0%B8%99-%E0%B8%AB%E0%B8%99%E0%B8%B8%E0%B8%99%E0%B8%9B%E0%B8%B5-69-%E0%B9%82%E0%B8%95%E0%B8%95%E0%B9%88%E0%B8%AD%E0%B9%84%E0%B8%A1%E0%B9%88%E0%B8%9E%E0%B8%B1%E0%B8%81,S__31015030_0.jpg. GULF เด่นสุดของกลุ่ม โบรกฯ ชูกำไรปี 69 ทะยานต่อ หลังเงินปันผลที่สูงขึ้นจากการลงทุนเพิ่มเติมใน KBANK ...,www.share2trade.com
Organic Search Result,2026-06-01,Unknown,👩🏻‍💻วัยทำงานค่าใช้จ่ายเยอะแค่ไหนก็เอาอยู่! เพราะมีแอป MAKE ...,https://www.facebook.com/MAKEbyKBank/videos/%E0%B8%A7%E0%B8%B1%E0%B8%A2%E0%B8%97%E0%B8%B3%E0%B8%87%E0%B8%B2%E0%B8%99%E0%B8%84%E0%B9%88%E0%B8%B2%E0%B9%83%E0%B8%8A%E0%B9%89%E0%B8%88%E0%B9%88%E0%B8%B2%E0%B8%A2%E0%B9%80%E0%B8%A2%E0%B8%AD%E0%B8%B0%E0%B9%81%E0%B8%84%E0%B9%88%E0%B9%84%E0%B8%AB%E0%B8%99%E0%B8%81%E0%B9%87%E0%B9%80%E0%B8%AD%E0%B8%B2%E0%B8%AD%E0%B8%A2%E0%B8%B9%E0%B9%88-%E0%B9%80%E0%B8%9E%E0%B8%A3%E0%B8%B2%E0%B8%B0%E0%B8%A1%E0%B8%B5%E0%B9%81%E0%B8%AD%E0%B8%9B-make-%E0%B8%8A%E0%B9%88%E0%B8%A7%E0%B8%A2%E0%B8%88%E0%B8%B1%E0%B8%94%E0%B8%81%E0%B8%B2%E0%B8%A3%E0%B9%80%E0%B8%87%E0%B8%B4%E0%B8%99makebykbank-/1604549884202373/,"Last viewed on: May 13, 2026. More videos you may like. 01:45. เทสๆ พี่ๆคิดเลขกันถูกมั้ยน้าว่าแอป MAKE แอบออมให้เท่าไร ... May 6, 2026 · 3.7K views. 00:42 ...",www.facebook.com
Organic Search Result,2026-06-01,Unknown,'กรุงไทย' ยีลด์กระโดด 6.6% KBANK ควักปันผล 12 บาท!,https://www.youtube.com/watch?v=I7-9AJviDfc,'กรุงไทย' ยีลด์กระโดด 6.6% KBANK ควักปันผล 12 บาท! ติดตาม Kaohoon TV Online ได้ที่ Youtube : https://www.youtube.com/@KaohoonTVOnline Facebook ...,www.youtube.com
Organic Search Result,2026-06-01,Unknown,Kbank ยังน่าซื้ออยู่มั้ย ? #หุ้นไทย #SET #หุ้นปันผล #ทันหุ้น #หุ้นธ ...,https://www.tiktok.com/@thunhoon_/video/7611454766094372112,"197 ถูกใจ,วิดีโอ TikTok จาก thunhoon (@thunhoon_): ""Kbank ยังน่าซื้ออยู่มั้ย ? #หุ้นไทย #SET #หุ้นปันผล #ทันหุ้น #หุ้นธนาคาร #KBANK""เสียงต้นฉบับ - thunhoon.",www.tiktok.com
Organic Search Result,2026-06-01,16 ก.พ. 2026,มองมุมต่าง: เปิดเจตนา GULF ไม่ต้องการฮุบหุ้น KBANK จริงหรือ!?,https://www.infoquest.co.th/2026/569363,ประเด็นการถูกบังคับให้เปิดเผยการถือหุ้นเกิน 10% ใน ธนาคารกสิกรไทย [KBANK] ของ บมจ.กัลฟ์ ดีเวลลอปเมนท์ [GULF] ภายใต้เกณฑ์ 246-2 ของสำนักงาน ก.ล.ต.ไม่ใช่เรื่องธรรมดาในมุมของตลาดทุน ...,www.infoquest.co.th
Organic Search Result,2026-06-01,Unknown,พลัสสิทธิ์ให้ขนาดนี้ คงไม่ต้องถามแล้วว่า ปีนี้บัตรเครดิตใบไหนที่ต้องมี,https://www.facebook.com/KBankLive/posts/%E0%B8%9E%E0%B8%A5%E0%B8%B1%E0%B8%AA%E0%B8%AA%E0%B8%B4%E0%B8%97%E0%B8%98%E0%B8%B4%E0%B9%8C%E0%B9%83%E0%B8%AB%E0%B9%89%E0%B8%82%E0%B8%99%E0%B8%B2%E0%B8%94%E0%B8%99%E0%B8%B5%E0%B9%89-%E0%B8%84%E0%B8%87%E0%B9%84%E0%B8%A1%E0%B9%88%E0%B8%95%E0%B9%89%E0%B8%AD%E0%B8%87%E0%B8%96%E0%B8%B2%E0%B8%A1%E0%B9%81%E0%B8%A5%E0%B9%89%E0%B8%A7%E0%B8%A7%E0%B9%88%E0%B8%B2-%E0%B8%9B%E0%B8%B5%E0%B8%99%E0%B8%B5%E0%B9%89%E0%B8%9A%E0%B8%B1%E0%B8%95%E0%B8%A3%E0%B9%80%E0%B8%84%E0%B8%A3%E0%B8%94%E0%B8%B4%E0%B8%95%E0%B9%83%E0%B8%9A%E0%B9%84%E0%B8%AB%E0%B8%99%E0%B8%97%E0%B8%B5%E0%B9%88%E0%B8%95%E0%B9%89%E0%B8%AD%E0%B8%87%E0%B8%A1%E0%B8%B5-%E0%B8%A1%E0%B8%B1%E0%B8%94%E0%B8%A3%E0%B8%A7%E0%B8%A1%E0%B8%AA%E0%B8%B4%E0%B8%97/954467680479135/,ได้รับคะแนนปกติค่ะ โดยยอดใช้จ่ายทุก 25 บาท จะได้รับคะแนนสะสม K Point 1 คะแนน ทั้งนี้สำหรับบัตรเครดิต KBank PLUSTINUM และ บัตร KBank Mastercard Platinum จะได้รับสิทธิพิเศษเพิ่มเติม ...,www.facebook.com
Organic Search Result,2026-06-01,15 ก.พ. 2026,KBANK ชี้แจง ตลท. การเปลี่ยนแปลงสัดส่วนผู้ถือหุ้นใหญ่ GULF ...,https://www.thansettakij.com/finance/stockmarket/651662,KBANK ชี้แจงว่าการเปลี่ยนแปลงสัดส่วนผู้ถือหุ้นดังกล่าว ไม่มีผลกระทบต่อนโยบายการดำเนินธุรกิจและโครงสร้างการบริหารของธนาคาร. ธนาคารกสิกรไทย จํากัด (มหาชน) หรือ KBANK รายงานต่อตลาดหลักทรัพย์แห่ง ...,www.thansettakij.com
Organic Search Result,2026-06-01,26 ก.พ. 2026,KBANK ปรับลดดอกเบี้ยเงินกู้ 0.10% หนุนเศรษฐกิจฟื้นตัว มีผล 2 ...,https://www.posttoday.com/business/financial/738598,นายจงรัก รัตนเพียร ผู้จัดการใหญ่ ธนาคารกสิกรไทย จำกัด (มหาชน) หรือ KBANK เปิดเผยว่า จากผลการประชุม คณะกรรมการนโยบายการเงิน (กนง.) ที่มีมติปรับลดอัตราดอกเบี้ยนโยบายลง 0.25% ต่อปี ...,www.posttoday.com
Organic Search Result,2026-06-01,14 ก.พ. 2026,GULF เข้าซื้อ KBANK ดันถือหุ้นทะลุ 10% ขึ้นแท่นผู้ ...,https://www.prachachat.net/finance/news-1965109,ผู้สื่อข่าวรายงานว่า สํานักงานคณะกรรมการกํากับหลักทรัพย์ และตลาดหลักทรัพย์ (ก.ล.ต.) เปิดเผยข้อมูลผ่านรายงาน 246-2 ว่า GULF ได้รายงานการได้มาซึ่งหุ้นของ KBANK เมื่อวันที่ 12 กุมภาพันธ์ 2569 GULF ...,www.prachachat.net
Organic Search Result,2026-06-01,13 ก.พ. 2026,กัลฟ์ซื้อหุ้นกสิกรไทยเพิ่มเท่าตัว ทะลุ 10% ขึ้นแท่นผู้ถือหุ้นใหญ่อันดับ ...,https://thestandard.co/gulf-buys-kasikornbank-shares/,การถือครองหุ้นเพิ่มขึ้นดังกล่าว ทำให้ GULF กลายเป็นผู้ถือหุ้นใหญ่อันดับ 1 ของ KBANK คิดเป็นมูลค่า 4.6 หมื่นล้านบาท หลังจากเริ่มเข้ามาลงทุนครั้งแรกในปี 2567.,thestandard.co
Organic Search Result,2026-06-01,Unknown,กงซีฟาไฉ 🧧🍊 KBank Live ขอส่งคำอวยพรวันตรุษจีนให้ทุกท่าน ...,https://www.instagram.com/p/DU1o9icmA7J/,"119 likes, 2 comments - kbanklive on February 16, 2026: "" กงซีฟาไฉ KBank Live ขอส่งคำอวยพรวันตรุษจีนให้ทุกท่านค่ะ มั่ง - มั่งคั่ง ร่ำรวย เงินทองไหลมาเทมา มี - มีกิน มีใช้ ...",www.instagram.com
Organic Search Result,2026-06-01,Unknown,โปรโมชั่นช้อปออนไลน์ Double Day Double Deal,https://www.tiktok.com/@kbank_live/video/7607376824586226951,"378 ถูกใจ,วิดีโอ TikTok จาก KBank Live (@kbank_live): ""ไม่พลาดดีลพิเศษในการช้อปออนไลน์ตลอดเดือนนี้ พร้อมเครดิตเงินคืนสูงสุด 3600 บาท! #KBankLiveContent #บัตรเครดิตกสิกรไทย ...",www.tiktok.com
Organic Search Result,2026-06-01,Unknown,Kbank ยังน่าซื้ออยู่มั้ย ? #หุ้นไทย #SET #หุ้นปันผล #ทันหุ้น #หุ้น ...,https://www.facebook.com/thunhoonnews/videos/kbank-%E0%B8%A2%E0%B8%B1%E0%B8%87%E0%B8%99%E0%B9%88%E0%B8%B2%E0%B8%8B%E0%B8%B7%E0%B9%89%E0%B8%AD%E0%B8%AD%E0%B8%A2%E0%B8%B9%E0%B9%88%E0%B8%A1%E0%B8%B1%E0%B9%89%E0%B8%A2-%E0%B8%AB%E0%B8%B8%E0%B9%89%E0%B8%99%E0%B9%84%E0%B8%97%E0%B8%A2-set-%E0%B8%AB%E0%B8%B8%E0%B9%89%E0%B8%99%E0%B8%9B%E0%B8%B1%E0%B8%99%E0%B8%9C%E0%B8%A5-%E0%B8%97%E0%B8%B1%E0%B8%99%E0%B8%AB%E0%B8%B8%E0%B9%89%E0%B8%99-%E0%B8%AB%E0%B8%B8%E0%B9%89%E0%B8%99%E0%B8%98%E0%B8%99%E0%B8%B2%E0%B8%84%E0%B8%B2%E0%B8%A3-kbank/1649022162770093/,Kbank ยังน่าซื้ออยู่มั้ย ? #หุ้นไทย #SET #หุ้นปันผล #ทันหุ้น #หุ้นธนาคาร #KBANK.,www.facebook.com
Organic Search Result,2026-06-01,Unknown,"KBANK is in trouble with GULF, its major shareholder ...",https://www.youtube.com/watch?v=IKGqgbSYTZQ,"KBANK is in trouble with GULF, its major shareholder (February 17, 1969) #news1 Today #BreakingNe... 2.2K views · 3 months ago ...more ...",www.youtube.com
Organic Search Result,2026-06-01,26 ก.พ. 2026,กลุ่ม Defense ธีมลงทุนเมื่อโลกไม่สงบเหมือนเก่า - K WEALTH,https://www.kasikornbank.com/th/kwealth/Pages/a1226-t3-hyb-defense-mutual-fund-summary-kgth.aspx,สแกน QR Code โดยใช้ กล้องมือถือ หรือ LINE เพื่อดำเนินการต่อบน LINE KBank Live. KBank_Live QR Code ดำเนินการต่อบน KBank Live. โทรปรึกษาผู้เชี่ยวชาญ. สอบถาม ...,www.kasikornbank.com
Organic Search Result,2026-06-01,Unknown,“GULF” แจงถือหุ้น KBANK ไม่ต้องขอแบงก์ชาติ หลังหักหุ้นซื้อคืน ...,https://x.com/ktnewsonline/status/2023268604536668211,กรุงเทพธุรกิจ (@ktnewsonline). “GULF” แจงถือหุ้น KBANK ไม่ต้องขอแบงก์ชาติ หลังหักหุ้นซื้อคืนได้สิทธิ์ออกเสียงไม่ถึง 10% GULF แจงเหตุถือหุ้น KBANK ไม่เข้าข่ายต้องขออนุญาต ธปท.,x.com
Organic Search Result,2026-06-01,16 ก.พ. 2026,ไทม์ไลน์ GULF เข้าถือหุ้น KBANK ธปท.ชี้ ยังไม่เกิน 10%,https://www.pptvhd36.com/wealth/stock-investment/268619,ธนาคารกสิกรไทย จํากัด (มหาชน) หรือ KBank แจ้งต่อตลาดหลักทรัพย์แห่งประเทศไทย เรื่องการเปลี่ยนแปลงสัดส่วนการถือหุ้นของธนาคาร ตามแบบรายงานการได้มาหรือจําหน่ายหลักทรัพย์ (“แบบ 246-2”) ...,www.pptvhd36.com
Organic Search Result,2026-06-01,Unknown,เตือนภัย! แอปนอกสโตร์อาจหลอกคุณได้,https://www.tiktok.com/@kbank_live/video/7608534414104055058,"207 ถูกใจ,วิดีโอ TikTok จาก KBank Live (@kbank_live): ""ระวังการหลอกลวงจากแอปนอกสโตร์! อย่าโหลดเด็ดขาด หากไม่แน่ใจเกี่ยวกับความเชื่อถือได้ #แอปลวง #ภัยออนไลน์""",www.tiktok.com
Organic Search Result,2026-06-01,27 ก.พ. 2026,KBANK สรุปคำแนะนำการลงทุนและประมาณการกำไร,https://thunhoon.com/kbank280226,#ทันหุ้น #KBANK รวมข้อมูลบทวิเคราะห์จากบริษัทหลักทรัพย์ สรุปคำแนะนำการลงทุน ราคาเป้าหมาย และประมาณการผลการดำเนินงาน.,thunhoon.com
Organic Search Result,2026-06-01,10 ก.พ. 2026,KBank earmarks cash reserves 23.6 billion Baht,https://today.line.me/th/v3/article/vXMBwLm,KASIKORNBANK plans to allocate cash reserves of 23.6 billion Baht for KBank Branches and K-ATMs to serve customers durin...,today.line.me
Organic Search Result,2026-06-01,Unknown,Kbank ยังน่าซื้ออยู่มั้ย ? #หุ้นไทย #SET #หุ้นปันผล #ทันหุ้น #หุ้น ...,https://www.youtube.com/shorts/meyCms_b8Ig,Kbank ยังน่าซื้ออยู่มั้ย ? #หุ้นไทย #SET #หุ้นปันผล #ทันหุ้น #หุ้นธนาคาร #KBANK. 125. Dislike. 1. Share. Video unavailable. This content isn't available. Skip video.,www.youtube.com
Organic Search Result,2026-06-01,Unknown,ใครยังไม่มี YouTrip 💳✨ทำตามนี้เลย สมัครฟรี! 👉 https://go.you.co ...,https://www.facebook.com/youtripth/videos/%E0%B9%83%E0%B8%84%E0%B8%A3%E0%B8%A2%E0%B8%B1%E0%B8%87%E0%B9%84%E0%B8%A1%E0%B9%88%E0%B8%A1%E0%B8%B5-youtrip-%E0%B8%97%E0%B8%B3%E0%B8%95%E0%B8%B2%E0%B8%A1%E0%B8%99%E0%B8%B5%E0%B9%89%E0%B9%80%E0%B8%A5%E0%B8%A2%E0%B8%AA%E0%B8%A1%E0%B8%B1%E0%B8%84%E0%B8%A3%E0%B8%9F%E0%B8%A3%E0%B8%B5-httpsgoyoucofacebook-download-%E0%B9%84%E0%B8%A1%E0%B9%88%E0%B8%A1%E0%B8%B5%E0%B9%80%E0%B8%94%E0%B8%B5%E0%B9%8B%E0%B8%A2/1357297462837044/,More videos you may like. ได้ใช้ซักที✈️ สมัคร YouTrip ...,www.facebook.com
Organic Search Result,2026-06-01,3 ก.พ. 2026,KBANK และ Orbix Technology จับมือธนาคาร ...,https://www.mitihoon.com/2026/02/03/614102/,Information. KBANK และ Orbix Technology จับมือธนาคาร Kbank และ BPMG แห่งเกาหลีใต้ ร่วมศึกษาแนวทางพัฒนาโซลูชันบริการทางการเงินข้ามพรมแดนด้วยบล็อกเชน. 3 กุมภาพันธ์ 2026 / เวลา 09: ...,www.mitihoon.com
Organic Search Result,2026-06-01,3 ก.พ. 2026,กสิกรไทย-Orbix จับมือ Kbank-BPMG เกาหลีใต้ พัฒนาโซลูชั่น ...,https://hoonsmart.com/archives/402059,กสิกรไทย-Orbix จับมือ Kbank-BPMG เกาหลีใต้ พัฒนาโซลูชั่นโอนเงินข้ามพรมแดนด้วยบล็อกเชน ... Kbank สาธารณรัฐเกาหลี และ Mr. Chang Kyun Oh (ที่ 1 จากซ้าย) Deputy CEO ...,hoonsmart.com
Organic Search Result,2026-06-01,6 ก.พ. 2026,KBank ประกาศเป้าหมายปี 2569 เติบโตอย่างสมดุล ยกระดับ ...,https://isranews.org/article/isranews-pr-news/145231-KBank-244.html,KBank K Strategy 06 02 1. กสิกรไทยประกาศเป้าหมายปี 2569 เติบโตอย่างสมดุล เดินหน้ายกระดับยุทธศาสตร์ครองใจลูกค้า ด้วยโซลูชันตรงจุด ในเวลาตรงใจ. ธนาคารกสิกร ...,isranews.org
Organic Search Result,2026-06-01,10 ก.พ. 2026,KBANK สำรองเงิน 2.36 หมื่นล. รับเทศกาลตรุษจีน 2569,https://www.hoonvision.com/economy-business/kbank-%E0%B8%AA%E0%B8%B3%E0%B8%A3%E0%B8%AD%E0%B8%87%E0%B9%80%E0%B8%87%E0%B8%B4%E0%B8%99-2-36-%E0%B8%AB%E0%B8%A1%E0%B8%B7%E0%B9%88%E0%B8%99%E0%B8%A5-%E0%B8%A3%E0%B8%B1%E0%B8%9A%E0%B9%80%E0%B8%97/,หุ้นวิชั่น –ธนาคารกสิกรไทย จำกัด (มหาชน) หรือ KBANK เตรียมสำรองเงินสดสำหรับให้บริการในสาขาและเครื่องเอทีเอ็ม เพื่อรองรับการใช้จ่ายช่วงเทศกาลตรุษจีน 14 – 17 กุมภาพันธ์ 2569 รวมทั้งสิ้น ...,www.hoonvision.com
Organic Search Result,2026-06-01,17 ก.พ. 2026,ธปท.สยบข้อกังขา GULF ถือหุ้น “KBANK” 9.96% ไม่ถึงเพดาน ...,https://www.kaohoon.com/news/813754,ธปท.ไขข้อสงสัยดีล GULF ถือหุ้น KBANK ย้ำคำนวณตามเกณฑ์อยู่ที่ 9.96% ยังไม่ถึงเพดาน 10% พร้อมเดินหน้าคุมเข้มผู้ถือหุ้นเกิน 5%,www.kaohoon.com
Organic Search Result,2026-06-01,26 ก.พ. 2026,kbank ปันผลในอัตรา 10.00 บ.+ ปันผลพิเศษ 2 บ. xd 21 เม.ย.,https://www.ryt9.com/s/iq10/12793823,ธนาคารกสิกรไทย (KBANK) แจ้งการจ่ายปันผล เรื่อง :,www.ryt9.com
Organic Search Result,2026-06-01,Unknown,"""KBANK"" วางเป้าสินเชื่อโตร้อยละ 0-2 | TNN ชั่วโมงทำเงิน | 09-02 ...",https://www.tiktok.com/@tnnwealth/video/7604703094781299976,"145 ถูกใจ,วิดีโอ TikTok จาก TNN Wealth (@tnnwealth): """"KBANK"" วางเป้าสินเชื่อโตร้อยละ 0-2 | TNN ชั่วโมงทำเงิน | 09-02-69 . ธนาคารกสิกรไทยประกาศเป้าหมายทางการเงินปี 2569 ...",www.tiktok.com
Organic Search Result,2026-06-01,21 ก.พ. 2026,KBANK คาดกรอบบาทสัปดาห์หน้า 30.90-31.60 จับตาตัวเลขส่ง ...,https://www.infoquest.co.th/2026/570873,ธนาคารกสิกรไทย (KBANK) มองกรอบการเคลื่อนไหวสัปดาห์หน้า (23-27 ก.พ.) ที่ระดับ 30.90-31.60 บาท/ดอลลาร์ จากปิดตลาดเมื่อวันศุกร์ที่ 20 ก.พ.ที่ 31.19 บาท/ดอลลาร์.,www.infoquest.co.th
Organic Search Result,2026-06-01,Unknown,"Stock Watch: ""What does GULF gain from buying KBANK ...",https://www.youtube.com/watch?v=ERGpJo26ddU,"Stock Watch: ""What does GULF gain from buying KBANK? Recommended stocks: SCB, ADVANC, BDMS"" Febru... Auto-dubbed. 6.2K views · 3 months ago ...more ...",www.youtube.com
Organic Search Result,2026-06-01,Unknown,KBank Live added a new photo.,https://www.facebook.com/photo.php?fbid=810373214888583&set=a.271117835480793&type=3,69 . อย่าลืมใช้สิทธิกันน้า! . #KBank #KBanklive #ไทยช่วยไทยพลัส · May be an image of text that says 'KBank เตรียว เตรียมตัวให้ · มอ คุ้มวัด and 29 others · 󰍸. 30 · 󰤦 · KBank ...,www.facebook.com
Organic Search Result,2026-06-01,17 ก.พ. 2026,ธปท.แจง 4 เกณฑ์คุมเข้ม 'GULF' ถือหุ้น KBANK ย้ำไม่ผ่อนผันเกิน ...,https://www.thansettakij.com/finance/financial-banking/651798,ทั้งนี้ ภายใต้พระราชบัญญัติธุรกิจสถาบันการเงิน พ.ศ. 2551 การถือหุ้นในสถาบันการเงินตั้งแต่ 5% ขึ้นไป จะเข้าข่ายเป็น “ผู้ถือหุ้นรายใหญ่” ทันที ซึ่งในกรณีของ GULF ที่ถือหุ้นใน KBANK นั้น มีสัดส่วนเกินระดับ 5% ...,www.thansettakij.com
Organic Search Result,2026-06-01,26 ก.พ. 2026,KBank จัดประชุมสามัญผู้ถือหุ้น ขอมติ GULF เสนอชื่อกรรมการ ...,https://www.prachachat.net/finance/news-1970994,KBank จัดประชุมสามัญผู้ถือหุ้น ขอมติ GULF เสนอชื่อกรรมการอิสระ 2 ท่าน. 26 ก.พ. 2569 | 18:00น. แชร์. ขนาดตัวอักษร. A- A A+. KBank จัดประชุมสามัญผู้ถือหุ้น ขอมติ GULF ...,www.prachachat.net
Organic Search Result,2026-06-01,Unknown,ชวนเล่นเกมสะสมเงินที่ K Bank Live,https://www.tiktok.com/@kbank_live/video/7604714967325052180,"1281 ถูกใจ,86 ความคิดเห็นวิดีโอ TikTok จาก KBank Live (@kbank_live): ""ร่วมสนุกกับเกมสะสมเงินจาก K Bank Live แค่บอกว่ามีเท่าไหร่! คอมเมนต์มาเลย #kbanklivecontent ...",www.tiktok.com
Organic Search Result,2026-06-01,19 ก.พ. 2026,เดอะวิสดอมกสิกรไทย* พลิกโฉมประสบการณ์ใหม่ของลูกค้ากลุ่มเว ...,https://www.kasikornbank.com/th/news/pages/your_new_wisdom_journey.aspx,Issue02_July2017 · kplusshop_download · investment-view · KBank Private Banking New Year Gift 2020 · call-center · financial-conglomerate · HealthCareProtect ...,www.kasikornbank.com
Organic Search Result,2026-06-01,Unknown,หุ้น GULF เก็บ KBANK ทะลุ 10%! ควรตามหรือถอย? | Live 10 ...,https://www.youtube.com/watch?v=UqMzcp9jx7M,Live 10 Minutes Stock สรุปภาพรวมตลาดและหุ้นเด็ด ใน 10 นาที โดย อ.นก รพีพัฒน์ ศรีปาน ในหัวข้อ หุ้น GULF เก็บ KBANK ทะลุ 10%! ควรตามหรือถอย?,www.youtube.com
Organic Search Result,2026-06-01,Unknown,ศึกษารายละเอียด ข้อจำกัด เงื่อนไขเพิ่มเติมที่ 👉🏻 https://t.co/ ...,https://x.com/KBank_Live/status/2018979973554643251,KBank Live (@KBank_Live). ศึกษารายละเอียด ข้อจำกัด เงื่อนไขเพิ่มเติมที่ https://t.co/fYVmseVrWP เปิดบัญชี K PLUS เลย คลิก.,x.com
Organic Search Result,2026-06-01,26 ก.พ. 2026,News Update - KBANK DPS สูงกว่าคาด - InnovestX,https://www.innovestx.co.th/cafeinvest/strategy-insight/stock-strategy/news-update/kbank-news-20260226,KBANK ประกาศจ่าย DPS สำหรับงวดคงเหลือที่ 12 บาทต่อหุ้น ประกอบด้วย DPS ปกติ 10 บาท และ DPS พิเศษ 2 บาท; Dividend yield เท่ากับ 6.05%; Dividend payout ratio สำหรับปี 2025 ...,www.innovestx.co.th
Organic Search Result,2026-06-01,Unknown,เปิดบัญชีคู่สำหรับคู่รักเพศเดียวกันที่ KBank,https://www.tiktok.com/@kbank_live/video/7606180761892408583,"703 ถูกใจ,56 ความคิดเห็นวิดีโอ TikTok จาก KBank Live (@kbank_live): ""คู่รักเพศเดียวกันสามารถเปิดบัญชีร่วมที่ธนาคารกสิกรไทยได้ ที่นี่มีรายละเอียดที่คุณต้องรู้! #KBankLiveContent #คู่รัก""",www.tiktok.com
Organic Search Result,2026-06-01,16 ก.พ. 2026,ธปท.ชี้แจงกรณี GULF ถือหุ้นเพิ่มใน KBANK เกณฑ์นับแตกต่าง ...,https://thunhoon.com/bot-gulf-kbank-16022026,ธปท.ชี้แจงกรณี GULF ถือหุ้นเพิ่มใน KBANK เกณฑ์นับแตกต่าง. icon Share icon Share. ทันหุ้น focus | 16 กุมภาพันธ์ ...,thunhoon.com
Organic Search Result,2026-06-01,Unknown,KBANK ประกาศเป้าหมายทางการเงินปี 69 วางเป้าสินเชื่อเติบโต 0,https://www.instagram.com/p/DUZjCMNk-hq/,May 7. OCR. KBank กสิกรไทย ไทย กสิกร ครอง ครองดัชนีความยั่งยืน 10 ปีซ้อน ปี Dow Jones Best-in-Class Class Indices ธนาคารแรกของไทยและอาเซียน เละอาเ ...,www.instagram.com
Organic Search Result,2026-06-01,Unknown,เจาะดีล GULF x KBank #ทันหุ้น #หุ้น #หุ้นไทย #เศรษฐกิจ #GULF ...,https://www.youtube.com/shorts/okahe0ZMiKI,Your browser can't play this video. Learn more. Auto-dubbed. @ThunhoonOfficial. Subscribe. เจาะดีล GULF x KBank #ทันหุ้น #หุ้น #หุ้นไทย #เศรษฐกิจ #GULF #Kbank. 43.,www.youtube.com
Organic Search Result,2026-06-01,17 ก.พ. 2026,นักวิเคราะห์มอง GULF ถือ KBANK แตะ 10% เป็น Strategic ...,https://today.line.me/th/v3/article/PGDJ92M,บล.บัวหลวง มอง GULF ถือ KBANK แตะ 10% เป็นดีล Strategic Investment ระยะยาวของGULF ในภาคการเงิน มีนัยบวกต่อ Sentiment มากกว่าพื้นฐาน...,today.line.me
Organic Search Result,2026-06-01,27 ก.พ. 2026,ธนาคารกสิกรไทยเดินหน้าดูแลลูกค้า ลดดอกเบี้ยเงินกู้ หนุน ...,https://www.kasikornbank.com/th/news/pages/reduce_interest_rate69.aspx,ลูกค้าธุรกิจ. หน้าหลัก; สินเชื่อ; บริการชำระ / รับชำระเงิน; ดิจิทัลแบงก์กิ้ง; ระหว่างประเทศ; ลงทุน; บัญชี; บัตรธุรกิจ; ประกัน; บริการ. บทความ. ลูกค้า Wealth. KBank Private Banking · THE ...,www.kasikornbank.com
Organic Search Result,2026-06-01,19 ก.พ. 2026,KBANK เดอะวิสดอมกสิกรไทย* พลิกโฉมประสบการณ์ใหม่ของ ...,https://www.mitihoon.com/2026/02/19/618635/,KBANK เดอะวิสดอมกสิกรไทย* พลิกโฉมประสบการณ์ใหม่ของลูกค้ากลุ่มเวลธ์ เปิดตัวบัตรเดอะวิสดอม 4 รูปแบบพร้อมดีไซน์ใหม่ ในคอนเซปต์ “Your New WISDOM Journey ให้ความสำเร็จไปต่อในทุกมิติของชีวิต”.,www.mitihoon.com
Organic Search Result,2026-06-01,6 ก.พ. 2026,KBANK ตั้งเป้าปี 69 สินเชื่อโต 0-2% คุม NPL ไม่เกิน 3.25%,https://www.kaohoon.com/news/811500,KBANK ตั้งเป้าฟื้นการเติบโตสินเชื่อปี 2569 ที่ 0-2% คุม NPL ไม่เกิน 3.25% และลด Credit Cost ลงในกรอบ 140-160 bps จากแรงกดดันส่วนต่างดอกเบี้ย.,www.kaohoon.com
Organic Search Result,2026-06-01,Unknown,โปรโมชั่นบัตรเครดิตกสิกรไทย 2026 ที่ไม่ควรพลาด!,https://www.tiktok.com/@kbank_live/video/7607301453782273300,"608 ถูกใจ,วิดีโอ TikTok จาก KBank Live (@kbank_live): ""รวมโปรโมชั่นบัตรเครดิตกสิกรไทยก่อนใคร เรียนรู้เงื่อนไขและรายละเอียดเพื่อใช้ประโยชน์สูงสุด! #kbanklivecontent #โปรโมชั่น ...",www.tiktok.com
Organic Search Result,2026-06-01,16 ก.พ. 2026,GULF-KBANK วิ่ง มองบวกดีลถือหุ้น 10% เพิ่มกำไรกัลฟ์ฯเป้าใหม่ ...,https://hoonsmart.com/archives/404243,HoonSmart.com>>GULFกอดคอ KBANK วิ่งแรง นักวิเคราะห์มองบวกดีลถือหุ้น 10% บล.กรุงศรีคาด GULF กำไรนิวไฮต่อเนื่อง ไตรมาส 4 และไตรมาส 1/69 เพิ่มเป้าปี 69-70 อีก 15% ให้ราคาเป้าหมายใหม่ ...,hoonsmart.com
Organic Search Result,2026-06-01,27 ก.พ. 2026,GULF รุกคืบส่ง 2 ตัวแทนเข้านั่งกรรมการอิสระ KBANK ชงที่ ...,https://www.infoquest.co.th/2026/572500,09:22. ธนาคารกสิกรไทย [KBANK] เปิดเผยวาระการประชุมสามัญผู้ถือหุ้นครั้งที่ ...,www.infoquest.co.th
Organic Search Result,2026-06-01,1 มี.ค. 2026,"รวมโปรบัตรเครดิตหมวด Food Delivery |โค้ด LINEMAN, Grab, ...",https://www.kasikornbank.com/th/promotion/creditcard/category/dining/delivery/,"อัปเดตโปรโมชั่นบัตรเครดิต KBank หมวด Food Delivery LINEMAN, Grab, Shopeefood โค้ดลด เครดิตเงินคืน Food Delivery.",www.kasikornbank.com
Organic Search Result,2026-06-01,26 ก.พ. 2026,กลุ่ม Defense ธีมลงทุนเมื่อโลกไม่สงบเหมือนเก่า - K WEALTH,https://www.kasikornbank.com/th/kwealth/Pages/a1226-t3-hyb-defense-mutual-fund-summary-kgth.aspx,สแกน QR Code โดยใช้ กล้องมือถือ หรือ LINE เพื่อดำเนินการต่อบน LINE KBank Live. KBank_Live QR Code ดำเนินการต่อบน KBank Live. โทรปรึกษาผู้เชี่ยวชาญ. สอบถาม ...,www.kasikornbank.com
Organic Search Result,2026-06-01,Unknown,เจาะดีล GULF x KBank #ทันหุ้น #หุ้น #หุ้นไทย #เศรษฐกิจ #GULF ...,https://www.youtube.com/shorts/okahe0ZMiKI,Your browser can't play this video. Learn more. Auto-dubbed. @ThunhoonOfficial. Subscribe. เจาะดีล GULF x KBank #ทันหุ้น #หุ้น #หุ้นไทย #เศรษฐกิจ #GULF #Kbank. 43.,www.youtube.com
Organic Search Result,2026-06-01,10 ก.พ. 2026,ลุ้น KBANK จัดปันผลสูง จับตา GULF ลุยต่อเนื่อง,https://thunhoon.com/kbank-gulf-page1-10022026,วงในลือ GULF เดินหน้าซื้อ KBANK หวังเงินปันผล จับตาช่วงปิดสมุดทะเบียนมีนาคมนี้ กูรูมองโอกาสปันผลครึ่งปีหลัง 10.30 บาทต่อหุ้น ได้ยิลด์ 5.4%,thunhoon.com
Organic Search Result,2026-06-01,Unknown,ธนาคารกสิกรไทย (Kbank ) ประกาศปรับลดดอกเบี้ยเงินกู้ ขานรับ ...,https://www.instagram.com/p/DVP6FgyIBkD/,February 26. OCR. 27 7n.w.2569 ก.พ. 2569 MB HRNEY&BANKING ONLINE MONEY &B &BANKING ONLINE E KBank ธนาคารกสิกรไทย ประกาศลดดอกเบี้ยเงินกู้ สลดด เบี้ย มี ...,www.instagram.com
Organic Search Result,2026-06-01,16 ก.พ. 2026,GULF แจงถือหุ้น KBANK ทะลุ 10% เป็นไปตามเกณฑ์ ไม่ต้องขอ ...,https://today.line.me/th/v3/article/DR099l8,GULF ชี้แจงตลาดหลักทรัพย์ฯ ถือหุ้น KBANK ทะลุ 10% เมื่อวันที่ 12 กุมภาพันธ์ 2569 เป็นไปตามเกณฑ์ ไม่ต้องขออนุญาต ธปท. 16 กุมภาพันธ์ 2569 บมจ.กัลฟ์ ดี...,today.line.me
Organic Search Result,2026-06-01,Unknown,กงซีฟาไฉ 🧧🍊 KBank Live ขอส่งคำอวยพรวันตรุษจีนให้ทุกท่าน ...,https://www.facebook.com/KBankLive/photos/%E0%B8%81%E0%B8%87%E0%B8%8B%E0%B8%B5%E0%B8%9F%E0%B8%B2%E0%B9%84%E0%B8%89-kbank-live-%E0%B8%82%E0%B8%AD%E0%B8%AA%E0%B9%88%E0%B8%87%E0%B8%84%E0%B8%B3%E0%B8%AD%E0%B8%A7%E0%B8%A2%E0%B8%9E%E0%B8%A3%E0%B8%A7%E0%B8%B1%E0%B8%99%E0%B8%95%E0%B8%A3%E0%B8%B8%E0%B8%A9%E0%B8%88%E0%B8%B5%E0%B8%99%E0%B9%83%E0%B8%AB%E0%B9%89%E0%B8%97%E0%B8%B8%E0%B8%81%E0%B8%97%E0%B9%88%E0%B8%B2%E0%B8%99%E0%B8%84%E0%B9%88%E0%B8%B0-%E0%B8%A1%E0%B8%B1%E0%B9%88%E0%B8%87-%E0%B8%A1%E0%B8%B1%E0%B9%88%E0%B8%87%E0%B8%84%E0%B8%B1%E0%B9%88%E0%B8%87-%E0%B8%A3%E0%B9%88%E0%B8%B3%E0%B8%A3%E0%B8%A7%E0%B8%A2-%E0%B9%80%E0%B8%87%E0%B8%B4/965710539354849/,No photo description available. KBank Live. 󱙄. Feb 16 · 󰟠. Photos ... 󰤥 985 · 󰤦 17 · 󰤧 168. Profile photo of Porntipa. Porntipa Paksin. Happy Chinese New Year ...,www.facebook.com
Organic Search Result,2026-06-01,Unknown,“สารัชถ์”กุมบังเหียนเบ็ดเสร็จKBANK,https://www.youtube.com/watch?v=DA5vD_As1jg,“สารัชถ์”กุมบังเหียนเบ็ดเสร็จKBANK. 5.6K views · 3 months ago ...more. News1. 3.1M. Subscribe. 100. Share. Save. Report. Comments. 8. Add a comment.,www.youtube.com
Organic Search Result,2026-06-01,19 ก.พ. 2026,KBANK เดอะวิสดอมกสิกรไทย* พลิกโฉมประสบการณ์ใหม่ของ ...,https://www.mitihoon.com/2026/02/19/618635/,KBANK เดอะวิสดอมกสิกรไทย* พลิกโฉมประสบการณ์ใหม่ของลูกค้ากลุ่มเวลธ์ เปิดตัวบัตรเดอะวิสดอม 4 รูปแบบพร้อมดีไซน์ใหม่ ในคอนเซปต์ “Your New WISDOM Journey ให้ความสำเร็จไปต่อในทุกมิติของชีวิต”.,www.mitihoon.com
Organic Search Result,2026-06-01,5 ก.พ. 2026,อัปเดตการลงทุนหุ้นญี่ปุ่น ก.พ. 69 - K WEALTH,https://www.kasikornbank.com/th/kwealth/Pages/a1180-t2-hyb-japan-equity-investment-update-feb-kgth.aspx,สแกน QR Code โดยใช้ กล้องมือถือ หรือ LINE เพื่อดำเนินการต่อบน LINE KBank Live. KBank_Live QR Code ดำเนินการต่อบน KBank Live. โทรปรึกษาผู้เชี่ยวชาญ. สอบถาม ...,www.kasikornbank.com
Organic Search Result,2026-06-01,Unknown,GULF ขยับเกมรุก KBANK ถือหุ้นแตะ 10% แต่ยังไม่ 'ข้ามเส้น' ธ ...,https://x.com/ktnewsonline/status/2023610104512127152,กรุงเทพธุรกิจ (@ktnewsonline). 12 likes. GULF ขยับเกมรุก KBANK ถือหุ้นแตะ 10% แต่ยังไม่ 'ข้ามเส้น' ธปท. กรณีความสับสนของนักลงทุนเกี่ยวกับสัดส่วนการเข้าถือหุ้นธนาคารกสิกรไทย จำกัด ...,x.com
Organic Search Result,2026-06-01,16 ก.พ. 2026,GULF แจงถือหุ้น KBANK ทะลุ 10% เป็นไปตามเกณฑ์ ไม่ต้องขอ ...,https://today.line.me/th/v3/article/DR099l8,GULF ชี้แจงตลาดหลักทรัพย์ฯ ถือหุ้น KBANK ทะลุ 10% เมื่อวันที่ 12 กุมภาพันธ์ 2569 เป็นไปตามเกณฑ์ ไม่ต้องขออนุญาต ธปท. 16 กุมภาพันธ์ 2569 บมจ.กัลฟ์ ดี...,today.line.me
Organic Search Result,2026-06-01,26 ก.พ. 2026,KBANK เคาะปันผลปี 68 หุ้นละ 14 บาท จ่ายพิเศษ 2 บาท ครั้งเดียว,https://www.mitihoon.com/2026/02/26/620894/,มิติหุ้น - KBANK หรือ ธนาคารกสิกรไทย บอร์ดเสนอผู้ถือหุ้นอนุมัติจ่ายเงินปันผลจากผลการดำเนินงานปี 2568 รวม หุ้นละ 14.00 บาท แบ่งเป็นเงินปันผลปกติ หุ้นละ.,www.mitihoon.com
Organic Search Result,2026-06-01,Unknown,ธนาคารกสิกรไทย (Kbank ) ประกาศปรับลดดอกเบี้ยเงินกู้ ขานรับ ...,https://www.instagram.com/p/DVP6FgyIBkD/,February 26. OCR. 27 7n.w.2569 ก.พ. 2569 MB HRNEY&BANKING ONLINE MONEY &B &BANKING ONLINE E KBank ธนาคารกสิกรไทย ประกาศลดดอกเบี้ยเงินกู้ สลดด เบี้ย มี ...,www.instagram.com
Organic Search Result,2026-06-01,Unknown,"Stocks to watch: ""Call SET50 KBANK SCB TTB"" February 13 ...",https://www.youtube.com/watch?v=HlKmZ2hOrqI,"... businesslin... Stocks to watch: ""Call SET50 KBANK SCB TTB"" February 13, 2026. Auto-dubbed. 3.1K views · 3 months ago ...more. Business Line&Life Channel. 71K.",www.youtube.com
Organic Search Result,2026-06-01,2 ก.พ. 2026,KBANK แจ้งปิดปรับปรุงระบบ 8 ก.พ.นี้! เวลา 01:00-06:00 น.,https://www.kaohoon.com/news/810503,3.) การสแกน QR เพื่อชำระค่าสินค้า หรือบริการในทุกช่องทาง. 4.) การเบิกถอนเงินสดด้วยบัตรเครดิตกสิกรไทย หรือบัตรเงินด่วน Xpress Cash. KBANK ชี้ ...,www.kaohoon.com
Organic Search Result,2026-06-01,27 ก.พ. 2026,KBANK ดีดขึ้น 1.76% เทรดคึกคัก เก็งกำไรประเด็น GULF รุกคืบ ...,https://www.infoquest.co.th/2026/572539,ธนาคารกสิกรไทย [KBANK] ประกาศจัดประชุมสามัญผู้ถือหุ้นปี 2569 ในวันที่ 10 เมษายน 2569 โดยมีการเสนอชื่อกรรมการอิสระจำนวน 2 ท่าน ได้แก่ นางสาวชูศรี เกียรติขจรกุล และรองศาสตราจารย์ ดร.ณรงค์ ...,www.infoquest.co.th
Organic Search Result,2026-06-01,Unknown,DELTA-GULF-KBANK ดันดัชนี จับตาปัจจัยการเมือง ยังถ่วงตลาด!!,https://www.youtube.com/watch?v=D9eRZyeVU6s,DELTA-GULF-KBANK ดันดัชนี จับตาปัจจัยการเมือง ยังถ่วงตลาด!! ติดตาม Kaohoon TV Online ได้ที่ Youtube : https://www.youtube.com/@KaohoonTVOnline Facebook ...,www.youtube.com
Organic Search Result,2026-06-01,Unknown,💸แลกเงินเรทดี* แค่สแกนจ่ายด้วย K+ Go Inter ไม่มีขั้นต่ำ ...,https://www.facebook.com/KBankLive/posts/%E0%B9%81%E0%B8%A5%E0%B8%81%E0%B9%80%E0%B8%87%E0%B8%B4%E0%B8%99%E0%B9%80%E0%B8%A3%E0%B8%97%E0%B8%94%E0%B8%B5-%E0%B9%81%E0%B8%84%E0%B9%88%E0%B8%AA%E0%B9%81%E0%B8%81%E0%B8%99%E0%B8%88%E0%B9%88%E0%B8%B2%E0%B8%A2%E0%B8%94%E0%B9%89%E0%B8%A7%E0%B8%A2-k-go-inter-%E0%B9%84%E0%B8%A1%E0%B9%88%E0%B8%A1%E0%B8%B5%E0%B8%82%E0%B8%B1%E0%B9%89%E0%B8%99%E0%B8%95%E0%B9%88%E0%B8%B3-%E0%B9%84%E0%B8%A1%E0%B9%88%E0%B8%A1%E0%B8%B5%E0%B8%84%E0%B9%88%E0%B8%B2%E0%B8%98%E0%B8%A3%E0%B8%A3%E0%B8%A1%E0%B9%80%E0%B8%99%E0%B8%B5%E0%B8%A2%E0%B8%A1-%E0%B9%81%E0%B8%A5%E0%B8%81%E0%B9%80%E0%B8%87%E0%B8%B4%E0%B8%99%E0%B9%84%E0%B8%94/975515838374319/,แลกเงินเรทดี* แค่สแกนจ่ายด้วย K+ Go Inter ไม่มีขั้นต่ำ ไม่มีค่าธรรมเนียม . แลกเงินได้ทุกสกุลเงินที่ร่วมรายการ รับเรทพิเศษได้ที่ KBank FX Booth...,www.facebook.com
Organic Search Result,2026-06-01,26 ก.พ. 2026,ฉ่ำ! KBANK แจกเงินปันผลปี 68 อีก 12 บาท TISCO จ่ายอีก 5.75 ...,https://www.posttoday.com/business/stockholder/738576,ที่ประชุมคณะกรรมการธนาคารกสิกรไทย จำกัด (มหาชน) หรือ KBANK เมื่อวันที่ 26 ก.พ.2569 มีมติจ่ายเงินปันผลจากผลการดำเนินงานปี 2568 แก่ผู้ถือหุ้นสามัญในอัตราหุ้นละ 12.00 บาท.,www.posttoday.com
Organic Search Result,2026-06-01,Unknown,Inside Stock Hot Topics: KBANK and GULF Rise Together,https://www.youtube.com/watch?v=E1RlNGV_wwE,หุ้นร้อนอินไซด์ : KBANK กอดคอ GULF บวก ---------------------------------- ติดตามข่าววงการหุ้น News feed แบบเรียลไทม์ได้แล้วที่ http://www.hooninside.com/ ...,www.youtube.com
Organic Search Result,2026-06-01,16 ก.พ. 2026,GULF ชี้แจงกรณีถือหุ้น KBANK เพิ่ม ระบุยังไม่เข้าเกณฑ์ต้องขอ ...,https://thunhoon.com/gulf-kbank-16022026,GULF ชี้แจงกรณีถือหุ้น KBANK เพิ่ม ระบุยังไม่เข้าเกณฑ์ต้องขออนุญาตจากธ. icon Share icon Share. ทันหุ้น focus | 16 กุมภาพันธ์ ...,thunhoon.com
Organic Search Result,2026-06-01,16 ก.พ. 2026,GULF-การถือหุ้น KBANK เพิ่มเป็นการเคลื่อนไหวเชิงกลยุทธ์ที่ดี,https://www.innovestx.co.th/cafeinvest/research/company-analysis/company-update/gulf-update-20260216,We are positive on the increase in KBANK stake to over 10% as it will bring in greater dividend income and give more synergy with ADVANC. We revise up our 2026- ...,www.innovestx.co.th
Organic Search Result,2026-06-01,Unknown,#GULF ซื้อหุ้น #KBANK เพิ่ม 2.95 ล้านหุ้น ส่งผลถือ ...,https://x.com/ktnewsonline/status/2022295917907554673,สำนักงานคณะกรรมการกำกับหลักทรัพย์และตลาดหลักทรัพย์ (ก.ล.ต.) รายงานการได้มาหุ้นของ ธนาคารกสิกรไทย จำกัด (มหาชน) หรือ KBANK โดย บริษัท กัลฟ์ ดีเวลลอปเมนท์ จำกัด (มหาชน) หรือ GULF จำนวน ...,x.com
Organic Search Result,2026-06-01,13 ก.พ. 2026,GULF ผงาดขึ้น “เบอร์ 1 ตัวจริง” ใน KBANK หลังถือหุ้นทะลุ 10% ...,https://today.line.me/th/v3/article/JPqma9y,1.Synergy ข้ามอุตสาหกรรม:เชื่อมโยงฐานข้อมูลขนาดใหญ่ (Big Data) จากผู้ใช้มือถือและพลังงาน เข้ากับนวัตกรรมการเงินของ KBANK. 2.เสริมแกร่ง Virtual Bank:แม้ GULF จะมีพันธมิตรอย่าง KTB ในโปร ...,today.line.me
Organic Search Result,2026-06-01,27 ก.พ. 2026,KBANK เดินหน้าดูแลลูกค้า ลดดอกเบี้ยเงินกู้ หนุนเศรษฐกิจฟื้นตัว มี ...,https://www.mitihoon.com/2026/02/27/621127/,มิติร้อน. KBANK เดินหน้าดูแลลูกค้า ลดดอกเบี้ยเงินกู้ หนุนเศรษฐกิจฟื้นตัว มีผล 2 มี.ค. 2569. 27 กุมภาพันธ์ 2026 / เวลา 11:30 น.,www.mitihoon.com
Organic Search Result,2026-06-01,Unknown,“สารัชถ์”กุมบังเหียนเบ็ดเสร็จKBANK,https://www.youtube.com/watch?v=DA5vD_As1jg,“สารัชถ์”กุมบังเหียนเบ็ดเสร็จKBANK. 5.6K views · 3 months ago ...more. News1. 3.1M. Subscribe. 100. Share. Save. Report. Comments. 8. Add a comment.,www.youtube.com
Organic Search Result,2026-06-01,Unknown,บัตร KBank Live wisdom ตัวเต็มๆมาแล้วจ้า มี 4แบบ tier สูงสุด ...,https://www.instagram.com/p/DVDXApMDIeW/,OCR. KBank WISDOM VISA KBank WISDOM VISA บัตรเดอะวิสดอม สดอม ความพิเศษที่สะท้อนตัวตนของคุณ รับสิทธิพิเศษได้เช่นเดิม สำหรับลูกค้าที่มี ...,www.instagram.com
Organic Search Result,2026-06-01,26 ก.พ. 2026,KBANK เคาะปันผล 12 บาท ขึ้น XD 21 เม.ย. รับเงิน 8 พ.ค.นี้,https://www.kaohoon.com/news/816008,KBANK จ่ายเงินปันผลปกติจากกำไรสะสม 10 บาท/หุ้น พ่วงปันผลพิเศษ 2 บาท/หุ้น รวมรับ 12 บาท เตรียมขึ้น XD 21 เม.ย. 69 และกำหนดจ่ายเงินสด 8 พ.ค. 69.,www.kaohoon.com
Organic Search Result,2026-06-01,Unknown,ฟันด์โฟลว์เข้าหุ้นแบงก์ SCB-KTB-KBANK ปันผลเด่น,https://www.youtube.com/watch?v=6FPkGdh-na4,ฟันด์โฟลว์เข้าหุ้นแบงก์ SCB-KTB-KBANK ปันผลเด่น ติดตาม Kaohoon TV Online ได้ที่ Youtube : https://www.youtube.com/@KaohoonTVOnline Facebook ...,www.youtube.com
Organic Search Result,2026-06-01,14 ก.พ. 2026,KBANK คาดกรอบบาทสัปดาห์หน้า 30.70-31.50 จับตา GDP ...,https://www.infoquest.co.th/2026/569150,ธนาคารกสิกรไทย (KBANK) มองกรอบการเคลื่อนไหวของค่าเงินบาทสัปดาห์หน้า (16-20 ก.พ.) ที่ระดับ 30.70-31.50 บาท/ดอลลาร์ฯ จากปิดตลาดวันศุกร์ที่ 13 ก.พ. 69 ที่ 31.13 บาท/ดอลลาร์ ...,www.infoquest.co.th
Organic Search Result,2026-06-01,Unknown,KBank - 📌ธนาคารแจ้งปิดบริการชั่วคราว เพื่อพัฒนาระบบให้มี ...,https://www.facebook.com/KBankLive/photos/%E0%B8%98%E0%B8%99%E0%B8%B2%E0%B8%84%E0%B8%B2%E0%B8%A3%E0%B9%81%E0%B8%88%E0%B9%89%E0%B8%87%E0%B8%9B%E0%B8%B4%E0%B8%94%E0%B8%9A%E0%B8%A3%E0%B8%B4%E0%B8%81%E0%B8%B2%E0%B8%A3%E0%B8%8A%E0%B8%B1%E0%B9%88%E0%B8%A7%E0%B8%84%E0%B8%A3%E0%B8%B2%E0%B8%A7-%E0%B9%80%E0%B8%9E%E0%B8%B7%E0%B9%88%E0%B8%AD%E0%B8%9E%E0%B8%B1%E0%B8%92%E0%B8%99%E0%B8%B2%E0%B8%A3%E0%B8%B0%E0%B8%9A%E0%B8%9A%E0%B9%83%E0%B8%AB%E0%B9%89%E0%B8%A1%E0%B8%B5%E0%B8%9B%E0%B8%A3%E0%B8%B0%E0%B8%AA%E0%B8%B4%E0%B8%97%E0%B8%98%E0%B8%B4%E0%B8%A0%E0%B8%B2%E0%B8%9E%E0%B8%A2%E0%B8%B4%E0%B9%88%E0%B8%87%E0%B8%82%E0%B8%B6%E0%B9%89%E0%B8%99%E0%B8%95%E0%B8%B1%E0%B9%89%E0%B8%87%E0%B9%81%E0%B8%95%E0%B9%88%E0%B9%80%E0%B8%A7%E0%B8%A5%E0%B8%B2-01/956928046899765/,ปัจจุบันบริการ K PLUS สามารถทำรายการได้ตามปกตินะคะ และขอตรวจสอบข้อมูลให้เพิ่มเติม รบกวนแจ้งรายละเอียดมาทาง KBank Live LINE Official ที่ Line ID: @kbanklive แล้วพิมพ์ @kccfb ...,www.facebook.com
Organic Search Result,2026-06-01,Unknown,หุ้นเด่น Finansia 27 ก.พ. 26 : KBANK,https://www.youtube.com/shorts/XvtGTZ5iOW0,... KBANK 2 ท่าน (เข้าที่ประชุมผู้ถือหุ้นอนุมัติ 10 เม.ย.) เรามองว่าจะเป็นปัจจัยหนุนการเก็งกำไร รวมถึงโอกาสที่จะทยอยถือหุ้นเพิ่มในอนาคตระยะยาว เปิดบัญชีเพื่อ ...,www.youtube.com
Organic Search Result,2026-06-01,13 ก.พ. 2026,GULF ผงาดถือหุ้น KBANK อันดับ 2 สัดส่วน 10.03% หลังซื้อเพิ่ม ...,https://www.posttoday.com/business/stockholder/738010,บริษัท กัลฟ์ ดีเวลลอปเมนท์ (GULF) เข้าซื้อหุ้นธนาคารกสิกรไทย (KBANK) เพิ่มเติมจำนวน 2.95 ล้านหุ้น; ส่งผลให้ GULF มีสัดส่วนการถือหุ้นใน KBANK เพิ่มขึ้นเป็น 10.03%; การซื้อหุ้นครั้งนี้ทำให้ GULF ขยับขึ้นมา ...,www.posttoday.com
Organic Search Result,2026-06-01,10 ก.พ. 2026,ลุ้น KBANK จัดปันผลสูง จับตา GULF ลุยต่อเนื่อง,https://thunhoon.com/kbank-gulf-page1-10022026,วงในลือ GULF เดินหน้าซื้อ KBANK หวังเงินปันผล จับตาช่วงปิดสมุดทะเบียนมีนาคมนี้ กูรูมองโอกาสปันผลครึ่งปีหลัง 10.30 บาทต่อหุ้น ได้ยิลด์ 5.4%,thunhoon.com
Organic Search Result,2026-06-01,Unknown,'กรุงไทย'ยีลด์กระโดด 6.6% KBANK ควักปันผล 12 บาท!,https://www.youtube.com/shorts/QwzQ7UIkdpI,'กรุงไทย'ยีลด์กระโดด 6.6% KBANK ควักปันผล 12 บาท! ติดตาม Kaohoon TV Online ได้ที่ Youtube : https://www.youtube.com/@KaohoonTVOnline Facebook ...,www.youtube.com
Organic Search Result,2026-06-01,Unknown,GULF ขยับเกมรุก KBANK ถือหุ้นแตะ 10% แต่ยังไม่ 'ข้ามเส้น' ธ ...,https://x.com/ktnewsonline/status/2023610104512127152,กรุงเทพธุรกิจ (@ktnewsonline). 12 likes. GULF ขยับเกมรุก KBANK ถือหุ้นแตะ 10% แต่ยังไม่ 'ข้ามเส้น' ธปท. กรณีความสับสนของนักลงทุนเกี่ยวกับสัดส่วนการเข้าถือหุ้นธนาคารกสิกรไทย จำกัด ...,x.com
Organic Search Result,2026-06-01,6 ก.พ. 2026,“เมย์แบงก์” แนะถือ KBANK ชูจุดเด่นปันผลสูง ชูเป้า 190 บาท,https://today.line.me/th/v3/article/BEq8pGW,บริษัทหลักทรัพย์ เมย์แบงก์ (ประเทศไทย) จำกัด (มหาชน) หรือ MST ที่ประเมินทิศทางธุรกิจ ธนาคารกสิกรไทย จำกัด (มหาชน) หรือ KBANK โดยระบุว่า ธนาค...,today.line.me
Organic Search Result,2026-06-01,6 ก.พ. 2026,KBANK แจ้งชำระบัญชี ยุติบทบาท “แคปเชอร์ วัน”,https://www.mitihoon.com/2026/02/06/615348/,มิติหุ้น - ธนาคารกสิกรไทย หรือ KBANK แจ้งตลาดหลักทรัพย์ฯ ว่า บริษัท แคปเชอร์ วัน จำกัด บริษัทย่อยที่ธนาคารถือหุ้นทางอ้อม 70% ผ่านบริษัท กสิกร อินเวสเจอร์.,www.mitihoon.com
Organic Search Result,2026-06-01,Unknown,KBank แจ้งปิดระบบชั่วคราว 8 ก.พ. 2569 (01:00-06:00 น.) งด ...,https://www.instagram.com/p/DUQE0WIDYcB/,"0 likes, 0 comments - moneyandbanking.th on February 2, 2026: ""KBank แจ้งปิดระบบชั่วคราว 8 ก.พ. 2569 (01:00-06:00 น.) งดบริการฝาก ถอน โอน และรับเงินจากทุกธนาคาร ...",www.instagram.com
Organic Search Result,2026-06-01,Unknown,KBANK งบ Q4/68 : กำไรปีนี้ 4.9 หมื่นล้าน! ลุ้นปันผล 10 บาท จริงไหม?,https://www.youtube.com/watch?v=7aWcUmtdHWw,"สรุปงบ KBANK ไตรมาส 4/68 และงบปี 2568 ล่าสุด! พี่ใหญ่เขียวเข้มประกาศกำไรปี 68 เฉียด 5 หมื่นล้าน ผลงานปีนี้เป็นยังไง? คลิปนี้พาไปดูไส้ในว่า ""รายได้ค่าธรรมเนียม"" และ ""การตั้งสำรอง"" ...",www.youtube.com
Organic Search Result,2026-06-01,Unknown,"Stocks to watch: ""Call SET50 KBANK SCB TTB"" February 13 ...",https://www.youtube.com/watch?v=HlKmZ2hOrqI,"... businesslin... Stocks to watch: ""Call SET50 KBANK SCB TTB"" February 13, 2026. Auto-dubbed. 3.1K views · 3 months ago ...more. Business Line&Life Channel. 71K.",www.youtube.com
Organic Search Result,2026-06-01,6 ก.พ. 2026,"ปิดฉาก ""แคปเชอร์ วัน"" บริษัทย่อย ""KBANK"" ปิดกิจการ-ชำระบัญชี ...",https://today.line.me/th/v3/article/RB8yQrz,KBANK แจ้งตลาดหลักทรัพย์ฯ จดทะเบียนชำระบัญชี “แคปเชอร์ วัน” บริษัทย่อยที่ร่วมทุนกับ “Buzzebees” เพื่อทำธุรกิจเกี่ยวกับระบบ CRM และ e-Marketplace...,today.line.me
Organic Search Result,2026-06-01,16 ก.พ. 2026,GULF ชี้แจงถือหุ้น KBANK เพื่อลงทุนระยะยาว ยึดธรรมาภิบาล ไม่ ...,https://thunhoon.com/gulf1602263,#ทันหุ้น #2026 #SET #GULF ชี้แจงถือหุ้น KBANK เพื่อลงทุนระยะยาว ยึดธรรมาภิบาล ไม่แทรกแซงการบริหาร. บริษัท กัลฟ์ ดีเวลลอปเมนท์ จำกัด (มหาชน) ขอชี้แจงเกี่ยวกับการถือหุ้นใน ธนาคารกสิกรไทย ...,thunhoon.com
Organic Search Result,2026-06-01,26 ก.พ. 2026,KBANK ธนาคาร กสิกรไทย จัดงานสัมมนาใหญ่แห่งปี “K ...,https://www.mitihoon.com/2026/02/26/620509/,KBANK ธนาคาร กสิกรไทย จัดงานสัมมนาใหญ่แห่งปี “K WEALTH Forum 2026” ชี้โลกสู่ “เศรษฐกิจแบ่งขั้ว” พลิกเกมลงทุนเปลี่ยน แนะหมุนพอร์ตสู่ยุโรป–เอเชีย–โครงสร้างพื้นฐาน AI รับ The Great Repricing.,www.mitihoon.com
Organic Search Result,2026-06-01,Unknown,KBank - 🧧 ตรุษจีนนี้… อย่าให้อั่งเปาไปเข้าบัญชีมิจ 😱💸 ก่อนโอน ...,https://www.facebook.com/KBankLive/photos/-%E0%B8%95%E0%B8%A3%E0%B8%B8%E0%B8%A9%E0%B8%88%E0%B8%B5%E0%B8%99%E0%B8%99%E0%B8%B5%E0%B9%89%E0%B8%AD%E0%B8%A2%E0%B9%88%E0%B8%B2%E0%B9%83%E0%B8%AB%E0%B9%89%E0%B8%AD%E0%B8%B1%E0%B9%88%E0%B8%87%E0%B9%80%E0%B8%9B%E0%B8%B2%E0%B9%84%E0%B8%9B%E0%B9%80%E0%B8%82%E0%B9%89%E0%B8%B2%E0%B8%9A%E0%B8%B1%E0%B8%8D%E0%B8%8A%E0%B8%B5%E0%B8%A1%E0%B8%B4%E0%B8%88-%E0%B8%81%E0%B9%88%E0%B8%AD%E0%B8%99%E0%B9%82%E0%B8%AD%E0%B8%99-%E0%B9%80%E0%B8%8A%E0%B9%87%E0%B8%81%E0%B9%83%E0%B8%AB%E0%B9%89%E0%B8%8A%E0%B8%B1%E0%B8%A7%E0%B8%A3%E0%B9%8C-3-%E0%B8%82%E0%B9%89%E0%B8%AD%EF%B8%8F-%E0%B9%80%E0%B8%A5%E0%B8%82%E0%B8%9A%E0%B8%B1%E0%B8%8D%E0%B8%8A%E0%B8%B5%EF%B8%8F-%E0%B8%8A%E0%B8%B7/963999176192652/,✔️ เลขบัญชี ✔️ ชื่อผู้รับ ✔️ จำนวนเงิน เช็กครบทุกครั้ง โอนอั่งเปาไม่พลาด เงินไม่ปลิว ถูกหลอก โทร. ศปอท. 1441 แจ้งเบาะแส โทร. แบงก์ชาติ 1213 #KBank #ทุกเดือนต้องเตือนกัน #เตือนภัยมิจฉาชีพ ...,www.facebook.com
Organic Search Result,2026-06-01,Unknown,เลือกไม่ถูกบัตรเครดิตสะสมแต้ม UOB vs KBank ใบไหน? | UOB ...,https://www.youtube.com/watch?v=_FlVgNIDe0E,เทียบให้ชัด! ศึกบัตรเครดิตตัวท็อป UOB vs KBANK ปี 2026 ใบไหนคุ้มค่าที่สุดสำหรับคุณ? ใครที่กำลังลังเลว่าจะสมัครใบไหนดี ระหว่างสายสะสมแต้มไวอย่าง UOB Premier/World ...,www.youtube.com
Organic Search Result,2026-06-01,26 ก.พ. 2026,GULF ส่ง “ชูศรี-ณรงค์เดช” นั่งบอร์ดอิสระ KBANK ลุ้นผู้ถือหุ้นไฟ ...,https://www.kaohoon.com/news/816047,KBANK แจ้งมติบอร์ด GULF เสนอชื่อ “น.ส.ชูศรี เกียรติขจรกุล” และ “รศ.ดร.ณรงค์เดช สรุโฆษิต” นั่งกรรมอิสระ ลุ้นประชุมผู้ถือหุ้นไฟเขียว 10 เม.ย.นี้.,www.kaohoon.com
Organic Search Result,2026-06-01,Unknown,🚇 🚆 จะเดินทางไปไหนก็ไม่มีเบื่อ เปิดดู Netflix ก็ฟินได้ทุกที่ เพียง ...,https://x.com/KBank_Live/status/2026243205579329871,KBank Live (@KBank_Live). จะเดินทางไปไหนก็ไม่มีเบื่อ เปิดดู Netflix ก็ฟินได้ทุกที่ เพียงสมัครและจ่ายค่าบริการ ด้วยการผูกบัญชีหักอัตโนมัติผ่าน K PLUS ✨ ❇️ แค่ผูกบัญชีครั้งแรกครั้งเดียว ...,x.com
Organic Search Result,2026-06-01,Unknown,DELTA-GULF-KBANK ดันดัชนี จับตาปัจจัยการเมือง ยังถ่วงตลาด!!,https://www.youtube.com/watch?v=D9eRZyeVU6s,DELTA-GULF-KBANK ดันดัชนี จับตาปัจจัยการเมือง ยังถ่วงตลาด!! ติดตาม Kaohoon TV Online ได้ที่ Youtube : https://www.youtube.com/@KaohoonTVOnline Facebook ...,www.youtube.com
Organic Search Result,2026-06-01,15 ก.พ. 2026,GULF ควักกระเป๋า 581.07 ลบ.ย่องเก็บหุ้น KBANK เข้าพอร์ตเพิ่ม ...,https://www.infoquest.co.th/2026/569252,เมื่อวันที่ 12 กุมภาพันธ์ 2569 GULF ได้เข้าซื้อหุ้นสามัญของ KBANK ในตลาดหลักทรัพย์ฯ โดยผ่าน บล.บัวหลวง และ บล.อินโนเวสท์ เอกซ์. สรุปข้อมูลการเปลี่ยนแปลงได้ดังนี้. ราคาสูงสุดที่ได้มา: 197 บาทต่อหน่วย ...,www.infoquest.co.th
Organic Search Result,2026-06-01,Unknown,KBank - ฉุกเฉินมีเรื่องใช้เงินด่วน บัตรเดียว รูด-โอน-ผ่อน-ถอน 💳 ...,https://www.facebook.com/KBankLive/photos/%E0%B8%89%E0%B8%B8%E0%B8%81%E0%B9%80%E0%B8%89%E0%B8%B4%E0%B8%99%E0%B8%A1%E0%B8%B5%E0%B9%80%E0%B8%A3%E0%B8%B7%E0%B9%88%E0%B8%AD%E0%B8%87%E0%B9%83%E0%B8%8A%E0%B9%89%E0%B9%80%E0%B8%87%E0%B8%B4%E0%B8%99%E0%B8%94%E0%B9%88%E0%B8%A7%E0%B8%99-%E0%B8%9A%E0%B8%B1%E0%B8%95%E0%B8%A3%E0%B9%80%E0%B8%94%E0%B8%B5%E0%B8%A2%E0%B8%A7-%E0%B8%A3%E0%B8%B9%E0%B8%94-%E0%B9%82%E0%B8%AD%E0%B8%99-%E0%B8%9C%E0%B9%88%E0%B8%AD%E0%B8%99-%E0%B8%96%E0%B8%AD%E0%B8%99-%E0%B9%80%E0%B8%84%E0%B8%A5%E0%B8%B5%E0%B8%A2%E0%B8%A3%E0%B9%8C%E0%B9%83%E0%B8%AB%E0%B9%89%E0%B8%8A%E0%B8%B5%E0%B8%A7%E0%B8%B4%E0%B8%95%E0%B9%84%E0%B8%94%E0%B9%89%E0%B9%84%E0%B8%9B%E0%B8%95%E0%B9%88%E0%B8%AD-%E0%B8%95%E0%B9%89/967839439141959/,กู้เท่าที่จำเป็นและชำระคืนไหว อัตราดอกเบี้ย 18%-25% ต่อปี #บัตรกดเงินสด #บัตรเงินด่วน #XpressCash #บัตรเครดิตUnionPay #KBank #KBankLive #บัตรเงินด่วนXpressCash #เงินก้อนพร้อมใช้ #ให้ชีวิตไป ...,www.facebook.com
Organic Search Result,2026-06-01,15 ก.พ. 2026,GULF ควักกระเป๋า 581.07 ลบ.ย่องเก็บหุ้น KBANK เข้าพอร์ตเพิ่ม ...,https://www.infoquest.co.th/2026/569252,เมื่อวันที่ 12 กุมภาพันธ์ 2569 GULF ได้เข้าซื้อหุ้นสามัญของ KBANK ในตลาดหลักทรัพย์ฯ โดยผ่าน บล.บัวหลวง และ บล.อินโนเวสท์ เอกซ์. สรุปข้อมูลการเปลี่ยนแปลงได้ดังนี้. ราคาสูงสุดที่ได้มา: 197 บาทต่อหน่วย ...,www.infoquest.co.th
Organic Search Result,2026-06-01,Unknown,KBANK GULF ขึ้นแหลกแหวกซาชิมิ / 16 ก.พ.69 / วิเคราะห์หน้าตา ...,https://www.youtube.com/watch?v=0e7Hhc0Ro_0,KBANK GULF ขึ้นแหลกแหวกซาชิมิ / 16 ก.พ.69 / วิเคราะห์หน้าตารัฐบาลจะออกแบบไหน US CPI ออกมาต่ำกว่าคาด ช่วยต่อลมหายใจสินทรัพย์เสี่ยงกันอีกครั้ง หุ้น Big tech เริ่มมี Valuation ที่ถูกลง ...,www.youtube.com
Organic Search Result,2026-06-01,Unknown,KBANK จ่ายเงินปันผลจากผลการดำเนินงานปี 2568 แก่ผู้ถือหุ้น ...,https://www.instagram.com/p/DVOAWadmE-M/,26 ก.พ.2569 ก.พ. 2569 MB MONEY HHNEY&BANKING &B &BANKING ONLINE KBank KBANK ปันผลอีก 10 บาท ปันผลพิเศษ ลพิเศษ 2 บาท รวมจ่ายทั้งปีหุ้นละ ทั้ง 14 บาท X@www ...,www.instagram.com
Organic Search Result,2026-06-01,9 ก.พ. 2026,เรื่องต้องรู้! KBANK หลังประชุมนักวิเคราะห์,https://thunhoon.com/kbank-090226-2,#ทันหุ้น – บล.ทิสโก้ มุมมองต่อ ธนาคารกสิกรไทย จำกัด (มหาชน) หรือ KBANK น่าจะยังเผชิญแรงกดดันด้านคุณภาพสินทรัพย์อย่างต่อเนื่องในปีนี้ ซึ่งสะท้อนผ่านกลยุทธ์ต่างๆ ของธนาคาร เช่น ...,thunhoon.com
Organic Search Result,2026-06-01,6 ก.พ. 2026,"ปิดฉาก ""แคปเชอร์ วัน"" บริษัทย่อย ""KBANK"" ปิดกิจการ-ชำระบัญชี ...",https://today.line.me/th/v3/article/RB8yQrz,KBANK แจ้งตลาดหลักทรัพย์ฯ จดทะเบียนชำระบัญชี “แคปเชอร์ วัน” บริษัทย่อยที่ร่วมทุนกับ “Buzzebees” เพื่อทำธุรกิจเกี่ยวกับระบบ CRM และ e-Marketplace...,today.line.me
Organic Search Result,2026-06-01,16 ก.พ. 2026,GULF ชี้แจงถือหุ้น KBank ยันไม่แทรกแซงบริหาร ยึดธรรมาภิบาล,https://www.mitihoon.com/2026/02/16/617513/,มิติร้อน. GULF ชี้แจงถือหุ้น KBank ยันไม่แทรกแซงบริหาร ยึดธรรมาภิบาล. 16 กุมภาพันธ์ 2026 / เวลา 14:25 น.,www.mitihoon.com
Organic Search Result,2026-06-01,Unknown,"รีวิวบัตรเครดิตสายร้านอาหารปี 2026 : CardX, UOB, Krungsri ...",https://www.youtube.com/watch?v=76l0lDvwafY,... KBank Plustinum: บัตรสามัญประจำบ้าน สิทธิพิเศษร้านอาหารเพียบ คะแนน x3 ใช้ ... KBank Plustinum 06:23 ชอบใบไหนสุด 07:27 ช่องทางการสมัครบัตรเครดิต 07:53 ...,www.youtube.com
Organic Search Result,2026-06-01,27 ก.พ. 2026,"KBANK ลดดอกเบี้ยเงินกู้ ""MLR-MOR-MRR"" มีผล 2 มี.ค.นี้",https://www.kaohoon.com/news/816186,KBANK ประกาศปรับลดอัตราดอกเบี้ยเงินกู้ตามทิศทางดอกเบี้ยนโยบาย โดย MLR ลดเหลือ 6.52% MOR เหลือ 6.34% และ MRR เหลือ 6.58% มีผล 2 มี.ค.69.,www.kaohoon.com
Organic Search Result,2026-06-01,Unknown,"SET +3 points. Speculative trading on GULF, KBANK, KTB ...",https://www.youtube.com/watch?v=unGufDXW3UQ,คลิป SET+3จุด เก็งกำไรหุ้น GULF KBANK KTB SCB PTTEP วันที่ 17 กุมภาพันธ์ 2569 #หุ้นไทย #นักลงทุน #ส่องหุ้น #หุ้นทำเงิน #5หุ้นแนะนำ #วางกลยุทธ์หุ้น #เก็งกำไรหุ้น #GULF #KBANK #KTB #SCB ...,www.youtube.com
Organic Search Result,2026-06-01,27 ก.พ. 2026,KBANK สรุปคำแนะนำการลงทุนและประมาณการกำไร,https://thunhoon.com/kbank280226,#ทันหุ้น #KBANK รวมข้อมูลบทวิเคราะห์จากบริษัทหลักทรัพย์ สรุปคำแนะนำการลงทุน ราคาเป้าหมาย และประมาณการผลการดำเนินงาน.,thunhoon.com
Organic Search Result,2026-06-01,16 ก.พ. 2026,GULF ชี้แจงถือหุ้น KBank ยันไม่แทรกแซงบริหาร ยึดธรรมาภิบาล,https://www.mitihoon.com/2026/02/16/617513/,มิติร้อน. GULF ชี้แจงถือหุ้น KBank ยันไม่แทรกแซงบริหาร ยึดธรรมาภิบาล. 16 กุมภาพันธ์ 2026 / เวลา 14:25 น.,www.mitihoon.com
Organic Search Result,2026-06-01,Unknown,KBank - 🛫 🌎 จองตั๋วเครื่องบิน ล่าทริปเที่ยวนอกทั้งครอบครัว ...,https://www.facebook.com/KBankLive/photos/-%E0%B8%88%E0%B8%AD%E0%B8%87%E0%B8%95%E0%B8%B1%E0%B9%8B%E0%B8%A7%E0%B9%80%E0%B8%84%E0%B8%A3%E0%B8%B7%E0%B9%88%E0%B8%AD%E0%B8%87%E0%B8%9A%E0%B8%B4%E0%B8%99-%E0%B8%A5%E0%B9%88%E0%B8%B2%E0%B8%97%E0%B8%A3%E0%B8%B4%E0%B8%9B%E0%B9%80%E0%B8%97%E0%B8%B5%E0%B9%88%E0%B8%A2%E0%B8%A7%E0%B8%99%E0%B8%AD%E0%B8%81%E0%B8%97%E0%B8%B1%E0%B9%89%E0%B8%87%E0%B8%84%E0%B8%A3%E0%B8%AD%E0%B8%9A%E0%B8%84%E0%B8%A3%E0%B8%B1%E0%B8%A7%E0%B9%83%E0%B8%99%E0%B8%A3%E0%B8%B2%E0%B8%84%E0%B8%B2%E0%B8%84%E0%B8%B8%E0%B9%89%E0%B8%A1%E0%B8%9F%E0%B8%B4%E0%B8%99-%E0%B9%80%E0%B8%A1%E0%B8%B7%E0%B9%88%E0%B8%AD%E0%B8%88%E0%B8%AD%E0%B8%87%E0%B9%84%E0%B8%9F%E0%B8%A5%E0%B8%95%E0%B9%8C%E0%B8%81%E0%B8%B1%E0%B8%9A%E0%B8%AA%E0%B8%B2%E0%B8%A2/958853343373902/,ขออนุญาตตรวจสอบข้อมูลให้นะคะ สามารถแจ้งรายละเอียดข้อมูลเข้ามาทาง KBank Live LINE Official โดยแอดไลน์ พิมพ์ @kbanklive แล้วพิมพ์ @kccfb เพื่อติดต่อเจ้าหน้าที่ได้เลยค่ะ. 4mo.,www.facebook.com
Organic Search Result,2026-06-01,Unknown,หุ้น GULF-KBANK กอดคอวิ่งรับดีลใหญ่ นักวิเคราะห์คาด ...,https://www.instagram.com/p/DUzh7BVDxFf/,"5 likes, 0 comments - moneyandbanking.th on February 15, 2026: ""หุ้น GULF-KBANK กอดคอวิ่งรับดีลใหญ่ นักวิเคราะห์คาด GULF รับเงินปันผลสูงขึ้นจาก KBANK หากคงสัดส่วนถือหุ้นไว้ที่ 10% ...",www.instagram.com
Organic Search Result,2026-06-01,6 ก.พ. 2026,สรุปกระดานรายใหญ่เช้านี้ KBANK มูลค่าสูงสุด 17.21 ล้านบาท,https://www.kaohoon.com/summary/811524,"หลักทรัพย์, จำนวนรายการ, ปริมาณ (หุ้น), มูลค่า (พันบาท), ราคาเฉลี่ย. KBANK, 1, 91,100, 17,217.90, 189.00.",www.kaohoon.com
Organic Search Result,2026-06-01,6 ก.พ. 2026,KBANK ตั้งเป้าปี 69 สินเชื่อโต 0-2% คุม NPL ไม่เกิน 3.25%,https://today.line.me/th/v3/article/XY8WvOl,ผู้สื่อข่าวรายงานว่า วันนี้ (6 ก.พ.69) ธนาคารกสิกรไทย หรือ KBANK แจ้งผ่านตลาดหลักทรัพย์ห่งประเทศไทยว่า เป้าหมายทางการเงินปี 2569 โดยการเติบโตสิ...,today.line.me
Organic Search Result,2026-06-01,10 ก.พ. 2026,KBANK สำรองเงินสด 23600 ล้านบาท รับเทศกาลตรุษจีน 2569,https://www.mitihoon.com/2026/02/10/615988/,"Information. KBANK สำรองเงินสด 23,600 ล้านบาท รับเทศกาลตรุษจีน 2569. 10 กุมภาพันธ์ 2026 / เวลา 14:30 น.",www.mitihoon.com
Organic Search Result,2026-06-01,Unknown,KBank Live added a new photo.,https://www.facebook.com/photo.php?fbid=810373214888583&set=a.271117835480793&type=3,69 . อย่าลืมใช้สิทธิกันน้า! . #KBank #KBanklive #ไทยช่วยไทยพลัส · May be an image of text that says 'KBank เตรียว เตรียมตัวให้ · มอ คุ้มวัด and 29 others · 󰍸. 30 · 󰤦 · KBank ...,www.facebook.com
Organic Search Result,2026-06-01,27 ก.พ. 2026,KBANK ดาโอชี้จ่ายปันผลครึ่งหลังปี 68 สูงกว่าคาด แนะนำซื้อ,https://thunhoon.com/kbank-daol-div-27022026,#KBANK #ทันหุ้น-บล.ดาโอ(ประเทศไทย) ออกบทวิเคราะห์หุ้นธนาคาร กสิกรไทย จำกัด(มหาชน) หรือ KBANK ที่คณะกรรมการอนุมัติจ่ายเงินปันผลงวดครึ่งหลังปี 2568 ที่ 10 บาท และมีจ่ายเงินปันผลพิเศษอีก 2 ...,thunhoon.com
Organic Search Result,2026-06-01,17 ก.พ. 2026,หุ้น GULF-KBANK กอดคอวิ่งรับดีลใหญ่ คาด GULF รับปันผล 3.2 ...,https://today.line.me/th/v3/article/x2YLP91,หุ้น GULF-KBANK กอดคอวิ่งรับดีลใหญ่ นักวิเคราะห์คาด GULF รับเงินปันผลสูงขึ้นจาก KBANK หากคงสัดส่วนถือหุ้นไว้ที่ 10% คาดรายได้เงินปันผลเพิ่มเป็น 3.2 พัน...,today.line.me
Organic Search Result,2026-06-01,2 ก.พ. 2026,KBANK แจ้งปิดปรับปรุงระบบชั่วคราว ช่วง 01:00 - 06:00 น. ของ ...,https://www.mitihoon.com/2026/02/02/613724/,ทั้งนี้ บัตรเครดิตกสิกรไทยทุกประเภทสามารถชำระค่าสินค้าและบริการได้ตามปกติ. กรุณาวางแผนการทำธุรกรรมล่วงหน้า ธนาคารขออภัยในความไม่สะดวก. สอบถามข้อมูลได้ที่ LINE KBank Live แอดไลน์พิมพ์ @ ...,www.mitihoon.com
Organic Search Result,2026-06-01,17 ก.พ. 2026,เปิด 5 อันดับหุ้นต่างชาติซื้อสุทธิผ่าน NVDR ชู KBANK สูงสุด 839 ...,https://www.kaohoon.com/news/813568,อันดับแรก ธนาคารกสิกรไทย จำกัด (มหาชน)หรือ KBANK เป็นหลักทรัพย์ที่มีแรงซื้อจากนักลงทุนต่างชาติโดดเด่นที่สุดในวันดังกล่าว ด้วยมูลค่าซื้อสุทธิผ่านบัญชี NVDR จำนวน 838.56 ล้านบาท จากมูลค่าการเข้าซื้อ ...,www.kaohoon.com
Organic Search Result,2026-06-01,Unknown,KBank - 🔥พลัสสิทธิ์ให้ขนาดนี้ คงไม่ต้องถามแล้วว่า ปีนี้บัตรเครดิต ...,https://www.facebook.com/KBankLive/photos/%E0%B8%9E%E0%B8%A5%E0%B8%B1%E0%B8%AA%E0%B8%AA%E0%B8%B4%E0%B8%97%E0%B8%98%E0%B8%B4%E0%B9%8C%E0%B9%83%E0%B8%AB%E0%B9%89%E0%B8%82%E0%B8%99%E0%B8%B2%E0%B8%94%E0%B8%99%E0%B8%B5%E0%B9%89-%E0%B8%84%E0%B8%87%E0%B9%84%E0%B8%A1%E0%B9%88%E0%B8%95%E0%B9%89%E0%B8%AD%E0%B8%87%E0%B8%96%E0%B8%B2%E0%B8%A1%E0%B9%81%E0%B8%A5%E0%B9%89%E0%B8%A7%E0%B8%A7%E0%B9%88%E0%B8%B2-%E0%B8%9B%E0%B8%B5%E0%B8%99%E0%B8%B5%E0%B9%89%E0%B8%9A%E0%B8%B1%E0%B8%95%E0%B8%A3%E0%B9%80%E0%B8%84%E0%B8%A3%E0%B8%94%E0%B8%B4%E0%B8%95%E0%B9%83%E0%B8%9A%E0%B9%84%E0%B8%AB%E0%B8%99%E0%B8%97%E0%B8%B5%E0%B9%88%E0%B8%95%E0%B9%89%E0%B8%AD%E0%B8%87%E0%B8%A1%E0%B8%B5-%E0%B8%A1%E0%B8%B1%E0%B8%94%E0%B8%A3%E0%B8%A7%E0%B8%A1%E0%B8%AA%E0%B8%B4%E0%B8%97/954466687145901/,พลัสสิทธิ์ให้ขนาดนี้ คงไม่ต้องถามแล้วว่า ปีนี้บัตรเครดิตใบไหนที่ต้องมี❗ ​ มัดรวมสิทธิประโยชน์พร้อมโปรบัตรเครดิต KBank PLUSTINUM มาให้แล้ว...,www.facebook.com
Organic Search Result,2026-06-01,8 ก.พ. 2026,KBANK แจ้งปิดระบบชั่วคราว 01.00–06.00 น. วันที่ 8 ก.พ.นี้,https://thunhoon.com/kbank-020226,ทั้งนี้ บัตรเครดิตกสิกรไทยทุกประเภทสามารถชำระค่าสินค้าและบริการได้ตามปกติ. กรุณาวางแผนการทำธุรกรรมล่วงหน้า ธนาคารขออภัยในความไม่สะดวก. สอบถามข้อมูลได้ที่ LINE KBank Live แอดไลน์พิมพ์ @ ...,thunhoon.com
Organic Search Result,2026-06-01,6 ก.พ. 2026,KBANK targets balanced growth in 2026 by advancing a ...,https://www.mitihoon.com/2026/02/06/615097/,"Mitihoon - KASIKORNBANK (KBank) has announced its 2026 financial targets, aiming for balanced growth amid ongoing economic challenges. The Bank is moving.",www.mitihoon.com
Organic Search Result,2026-06-01,Unknown,KBank Live - KBank Live added a new photo.,https://www.facebook.com/KBankLive/photos/d41d8cd9/967649265827643/,KASIKORNBANK.COM. บัตรเครดิตKBank PLUSTINUM. ยิ่งใช้ยิ่งพลัสชัวร์. SIGN UP.,www.facebook.com
Organic Search Result,2026-06-01,2 ก.พ. 2026,KBANK แจ้งปิดระบบชั่วคราว 01.00–06.00 น. วันที่ 8 ก.พ.นี้,https://today.line.me/th/v3/article/60qGaE9,ทั้งนี้ บัตรเครดิตกสิกรไทยทุกประเภทสามารถชำระค่าสินค้าและบริการได้ตามปกติ. กรุณาวางแผนการทำธุรกรรมล่วงหน้า ธนาคารขออภัยในความไม่สะดวก. สอบถามข้อมูลได้ที่ LINE KBank Live แอดไลน์พิมพ์ @ ...,today.line.me
Organic Search Result,2026-06-01,Unknown,💸แลกเงินเรทดี* แค่สแกนจ่ายด้วย K+ Go Inter ไม่มีขั้นต่ำ ...,https://www.facebook.com/KBankLive/posts/%E0%B9%81%E0%B8%A5%E0%B8%81%E0%B9%80%E0%B8%87%E0%B8%B4%E0%B8%99%E0%B9%80%E0%B8%A3%E0%B8%97%E0%B8%94%E0%B8%B5-%E0%B9%81%E0%B8%84%E0%B9%88%E0%B8%AA%E0%B9%81%E0%B8%81%E0%B8%99%E0%B8%88%E0%B9%88%E0%B8%B2%E0%B8%A2%E0%B8%94%E0%B9%89%E0%B8%A7%E0%B8%A2-k-go-inter-%E0%B9%84%E0%B8%A1%E0%B9%88%E0%B8%A1%E0%B8%B5%E0%B8%82%E0%B8%B1%E0%B9%89%E0%B8%99%E0%B8%95%E0%B9%88%E0%B8%B3-%E0%B9%84%E0%B8%A1%E0%B9%88%E0%B8%A1%E0%B8%B5%E0%B8%84%E0%B9%88%E0%B8%B2%E0%B8%98%E0%B8%A3%E0%B8%A3%E0%B8%A1%E0%B9%80%E0%B8%99%E0%B8%B5%E0%B8%A2%E0%B8%A1-%E0%B9%81%E0%B8%A5%E0%B8%81%E0%B9%80%E0%B8%87%E0%B8%B4%E0%B8%99%E0%B9%84%E0%B8%94/975515838374319/,แลกเงินเรทดี* แค่สแกนจ่ายด้วย K+ Go Inter ไม่มีขั้นต่ำ ไม่มีค่าธรรมเนียม . แลกเงินได้ทุกสกุลเงินที่ร่วมรายการ รับเรทพิเศษได้ที่ KBank FX Booth...,www.facebook.com
Organic Search Result,2026-06-01,9 ก.พ. 2026,KBankสำรอง2.3หมื่นล้าน รับเทศกาลตรุษจีนปี69,https://thunhoon.com/kbank-10226,KBankสำรอง2.3หมื่นล้าน รับเทศกาลตรุษจีนปี69. icon Share icon Share. กระดานข่าว | 10 กุมภาพันธ์ 2026.,thunhoon.com
Organic Search Result,2026-06-01,26 ก.พ. 2026,KBANK announces the 2026 AGM - มิติหุ้น | ชี้ชัดทุกการลงทุน,https://www.mitihoon.com/2026/02/26/620906/,Mitihoon - KASIKORNBANK (KBank) announced the 2026 Annual General Meeting on 10 April 2026 and proposed two Independent Directors - Ms. Choosri.,www.mitihoon.com
Organic Search Result,2026-06-01,26 ก.พ. 2026,GULF ขยับ ใช้สิทธิผู้ถือหุ้นเสนอชื่อ 2 กรรมการอิสระใหม่เข้าบอร์ด ...,https://today.line.me/th/v3/article/x2YollP,สามารถดูประกาศการจัดประชุมสามัญผู้ถือหุ้นประจำปี 2569 ของธนาคารกสิกรไทย ได้ที่: www.set.or.th. โฆษณา - อ่านบทความต่อด้านล่าง. อ่านข่าวอื่น ๆ. GULF แจงถือหุ้น KBANK เพื่อลงทุน ...,today.line.me
Organic Search Result,2026-06-01,Unknown,ธนาคารกสิกรไทย ขอแจ้งวันทำการสาขาในช่วงวันหยุด กรุณา ...,https://www.facebook.com/KBankLive/posts/%E0%B8%98%E0%B8%99%E0%B8%B2%E0%B8%84%E0%B8%B2%E0%B8%A3%E0%B8%81%E0%B8%AA%E0%B8%B4%E0%B8%81%E0%B8%A3%E0%B9%84%E0%B8%97%E0%B8%A2-%E0%B8%82%E0%B8%AD%E0%B9%81%E0%B8%88%E0%B9%89%E0%B8%87%E0%B8%A7%E0%B8%B1%E0%B8%99%E0%B8%97%E0%B8%B3%E0%B8%81%E0%B8%B2%E0%B8%A3%E0%B8%AA%E0%B8%B2%E0%B8%82%E0%B8%B2%E0%B9%83%E0%B8%99%E0%B8%8A%E0%B9%88%E0%B8%A7%E0%B8%87%E0%B8%A7%E0%B8%B1%E0%B8%99%E0%B8%AB%E0%B8%A2%E0%B8%B8%E0%B8%94-%E0%B8%81%E0%B8%A3%E0%B8%B8%E0%B8%93%E0%B8%B2%E0%B8%A7%E0%B8%B2%E0%B8%87%E0%B9%81%E0%B8%9C%E0%B8%99%E0%B8%81%E0%B8%B2%E0%B8%A3%E0%B8%97%E0%B8%B3%E0%B8%98%E0%B8%B8%E0%B8%A3%E0%B8%81%E0%B8%A3%E0%B8%A3%E0%B8%A1%E0%B8%A5%E0%B9%88%E0%B8%A7%E0%B8%87%E0%B8%AB%E0%B8%99%E0%B9%89%E0%B8%B2%E0%B8%84%E0%B9%88/977000528225850/,ขออภัยในความไม่สะดวกค่ะ ขอเป็นอีกหนึ่งช่องทางในการดูแลค่ะ รบกวนแจ้งรายละเอียดมาทาง KBank Live LINE Official ที่ Line ID: @kbanklive แล้วพิมพ์ @kccfb เจ้าหน้าที่จะดูแลให้โดยตรงค่ะ.,www.facebook.com
Organic Search Result,2026-06-01,3 ก.พ. 2026,KBANK and Orbix Technology partner with ...,https://www.mitihoon.com/2026/02/03/614103/,KBANK and Orbix Technology partner with Kbank and BPMG from South Korea to jointly explore the development of cross-border financial service solutions using ...,www.mitihoon.com
Organic Search Result,2026-06-01,16 ก.พ. 2026,หุ้นไทยพักเที่ยงวันนี้(16 ก.พ.) บวก 4.40 จุด ซื้อ KTC-DELTA- ...,https://thunhoon.com/set1-16022026,... KBANK และ GULF หลังจากที่ GULF แจ้งการเข้าถือหุ้นใน KBANK เพิ่มขึ้น ซึ่งโบรกเกอร์มีมุมมองในเชิงบวกต่อการลงทุนดังกล่าว. หุ้นที่มีมูลค่าการซื้อขายสูงสุด 10 อันดับแรก. ตลาดหุ้นไทยKTCKBANKDELTA.,thunhoon.com
Organic Search Result,2026-06-01,17 ก.พ. 2026,GULF แจงถือหุ้น KBANK เพื่อลงทุน ไม่มีนโยบายร่วมบริหาร,https://today.line.me/th/v3/article/Ya8NK1M,GULF แจงถือหุ้น KBANK เพื่อลงทุน ไม่ร่วมกำหนดนโยบายหรือการบริหารจัดการของธนาคาร แต่จะพิจารณาใช้สิทธิในฐานะผู้ถือหุ้นตามสัดส่วนที่มีอยู่ เพื่อรักษาผลประ...,today.line.me
Organic Search Result,2026-06-01,Unknown,ธนาคารกสิกรไทยปรับลดดอกเบี้ยเงินกู้ เพื่อสนับสนุนการฟื้นตัวของ ...,https://www.facebook.com/KBankLive/posts/%E0%B8%98%E0%B8%99%E0%B8%B2%E0%B8%84%E0%B8%B2%E0%B8%A3%E0%B8%81%E0%B8%AA%E0%B8%B4%E0%B8%81%E0%B8%A3%E0%B9%84%E0%B8%97%E0%B8%A2%E0%B8%9B%E0%B8%A3%E0%B8%B1%E0%B8%9A%E0%B8%A5%E0%B8%94%E0%B8%94%E0%B8%AD%E0%B8%81%E0%B9%80%E0%B8%9A%E0%B8%B5%E0%B9%89%E0%B8%A2%E0%B9%80%E0%B8%87%E0%B8%B4%E0%B8%99%E0%B8%81%E0%B8%B9%E0%B9%89-%E0%B9%80%E0%B8%9E%E0%B8%B7%E0%B9%88%E0%B8%AD%E0%B8%AA%E0%B8%99%E0%B8%B1%E0%B8%9A%E0%B8%AA%E0%B8%99%E0%B8%B8%E0%B8%99%E0%B8%81%E0%B8%B2%E0%B8%A3%E0%B8%9F%E0%B8%B7%E0%B9%89%E0%B8%99%E0%B8%95%E0%B8%B1%E0%B8%A7%E0%B8%82%E0%B8%AD%E0%B8%87%E0%B9%80%E0%B8%A8%E0%B8%A3%E0%B8%A9%E0%B8%90%E0%B8%81%E0%B8%B4%E0%B8%88-%E0%B9%81%E0%B8%A5%E0%B8%B0%E0%B8%8A%E0%B9%88%E0%B8%A7%E0%B8%A2%E0%B8%9A%E0%B8%A3/974615185131051/,... ลงเหลือ 6.34% MRR ปรับลดลงเหลือ 6.58% . โดยมีผลตั้งแต่วันที่ 2 มีนาคม 2569 เป็นต้นไป . #KBank #พร้อมเคียงข้างลูกค้า #ลดดอกเบี้ยเงินกู้. Log in · 󰟙. KBank Live's post. KBank Live 󱢏.,www.facebook.com
Organic Search Result,2026-06-01,26 ก.พ. 2026,KBANKปันผลเงินสด 10บ. และปันผลพิเศษ หุ้นละ 2บ.,https://www.mitihoon.com/2026/02/26/620892/,KBANK (มิติหุ้น) แจ้ง ตลท.บอร์ดอนุมัติจ่ายปันผลเงินสด 10บ. และปันผลพิเศษ หุ้นละ 2บ. ขึ้นเครื่องหมาย XD วันที่ 21 เม.ย.69 กำหนดจ่าย 8 พ.ค. 69.,www.mitihoon.com
Organic Search Result,2026-06-01,Unknown,รบกวนสอบถามค่ะ บัตร Kbank journey card สามารถใช้จ่ายค่า ...,https://www.facebook.com/groups/460841417592516/posts/2950723501937616/,รบกวนสอบถามค่ะ บัตร Kbank journey card สามารถใช้จ่ายค่าโดยสาร MTR รถบัส ร้านอาหารได้มั้ยคะ.,www.facebook.com
Organic Search Result,2026-06-01,26 ก.พ. 2026,KBANK ลดดอกเบี้ยเงินกู้ “MLR-MOR-MRR” มีผล 2 มี.ค.นี้,https://today.line.me/th/v3/article/GgqNeeY,นายจงรัก รัตนเพียร ผู้จัดการใหญ่ ธนาคารกสิกรไทย จำกัด (มหาชน) หรือ KBANK เปิดเผยว่า จากผลการประชุม คณะกรรมการนโยบายการเงิน (กนง.) ที่มีมติ...,today.line.me
Organic Search Result,2026-06-01,Unknown,KBank - เตรียมพบกับหุ้นกู้ของบริษัท กัลฟ์ ดีเวลลอปเมนท์ จำกัด ( ...,https://www.facebook.com/photo.php?fbid=966809875911582&set=a.271117835480793&id=100077477342279,󱢏. รบกวนแจ้งรายละเอียดมาทาง KBank Live LINE Official ที่ Line ID: @kbanklive แล้วพิมพ์ @kccfb เจ้าหน้าที่จะดูแล ...,www.facebook.com
Organic Search Result,2026-06-01,Unknown,KBank - เตรียมพบกับหุ้นกู้ของบริษัท กัลฟ์ ดีเวลลอปเมนท์ จำกัด ( ...,https://www.facebook.com/photo.php?fbid=966809875911582&set=a.271117835480793&id=100077477342279,󱢏. รบกวนแจ้งรายละเอียดมาทาง KBank Live LINE Official ที่ Line ID: @kbanklive แล้วพิมพ์ @kccfb เจ้าหน้าที่จะดูแล ...,www.facebook.com
Organic Search Result,2026-06-01,Unknown,งานใหญ่ โปรแรง เพื่อบ้าน ลดสูงสุด 80% พร้อมรับเครดิตเงินคืน ...,https://www.facebook.com/KBankLive/photos/-%E0%B8%87%E0%B8%B2%E0%B8%99%E0%B9%83%E0%B8%AB%E0%B8%8D%E0%B9%88-%E0%B9%82%E0%B8%9B%E0%B8%A3%E0%B9%81%E0%B8%A3%E0%B8%87-%E0%B9%80%E0%B8%9E%E0%B8%B7%E0%B9%88%E0%B8%AD%E0%B8%9A%E0%B9%89%E0%B8%B2%E0%B8%99-%E0%B8%A5%E0%B8%94%E0%B8%AA%E0%B8%B9%E0%B8%87%E0%B8%AA%E0%B8%B8%E0%B8%94-80-%E0%B8%9E%E0%B8%A3%E0%B9%89%E0%B8%AD%E0%B8%A1%E0%B8%A3%E0%B8%B1%E0%B8%9A%E0%B9%80%E0%B8%84%E0%B8%A3%E0%B8%94%E0%B8%B4%E0%B8%95%E0%B9%80%E0%B8%87%E0%B8%B4%E0%B8%99%E0%B8%84%E0%B8%B7%E0%B8%99-3%EF%B8%8F%E2%83%A3%E0%B8%95%E0%B9%88%E0%B8%AD-%E0%B9%83%E0%B8%99%E0%B8%87%E0%B8%B2%E0%B8%99-%E0%B9%84%E0%B8%97%E0%B8%A7%E0%B8%B1%E0%B8%AA%E0%B8%94%E0%B8%B8/968379689087934/,No photo description available. KBank Live. 󱙄. Feb 19 · 󰟠.,www.facebook.com
Organic Search Result,2026-06-01,Unknown,KBank - ฉุกเฉินมีเรื่องใช้เงินด่วน บัตรเดียว รูด-โอน-ผ่อน-ถอน 💳 ...,https://www.facebook.com/KBankLive/photos/%E0%B8%89%E0%B8%B8%E0%B8%81%E0%B9%80%E0%B8%89%E0%B8%B4%E0%B8%99%E0%B8%A1%E0%B8%B5%E0%B9%80%E0%B8%A3%E0%B8%B7%E0%B9%88%E0%B8%AD%E0%B8%87%E0%B9%83%E0%B8%8A%E0%B9%89%E0%B9%80%E0%B8%87%E0%B8%B4%E0%B8%99%E0%B8%94%E0%B9%88%E0%B8%A7%E0%B8%99-%E0%B8%9A%E0%B8%B1%E0%B8%95%E0%B8%A3%E0%B9%80%E0%B8%94%E0%B8%B5%E0%B8%A2%E0%B8%A7-%E0%B8%A3%E0%B8%B9%E0%B8%94-%E0%B9%82%E0%B8%AD%E0%B8%99-%E0%B8%9C%E0%B9%88%E0%B8%AD%E0%B8%99-%E0%B8%96%E0%B8%AD%E0%B8%99-%E0%B9%80%E0%B8%84%E0%B8%A5%E0%B8%B5%E0%B8%A2%E0%B8%A3%E0%B9%8C%E0%B9%83%E0%B8%AB%E0%B9%89%E0%B8%8A%E0%B8%B5%E0%B8%A7%E0%B8%B4%E0%B8%95%E0%B9%84%E0%B8%94%E0%B9%89%E0%B9%84%E0%B8%9B%E0%B8%95%E0%B9%88%E0%B8%AD-%E0%B8%95%E0%B9%89/967839439141959/,กู้เท่าที่จำเป็นและชำระคืนไหว อัตราดอกเบี้ย 18%-25% ต่อปี #บัตรกดเงินสด #บัตรเงินด่วน #XpressCash #บัตรเครดิตUnionPay #KBank #KBankLive #บัตรเงินด่วนXpressCash #เงินก้อนพร้อมใช้ #ให้ชีวิตไป ...,www.facebook.com
Organic Search Result,2026-06-01,Unknown,KBank - 🏡ดีลคุ้ม สุดปัง ช้อปของแต่งบ้าน ที่โฮมโปร เมกา ...,https://www.facebook.com/KBankLive/photos/%E0%B8%94%E0%B8%B5%E0%B8%A5%E0%B8%84%E0%B8%B8%E0%B9%89%E0%B8%A1-%E0%B8%AA%E0%B8%B8%E0%B8%94%E0%B8%9B%E0%B8%B1%E0%B8%87-%E0%B8%8A%E0%B9%89%E0%B8%AD%E0%B8%9B%E0%B8%82%E0%B8%AD%E0%B8%87%E0%B9%81%E0%B8%95%E0%B9%88%E0%B8%87%E0%B8%9A%E0%B9%89%E0%B8%B2%E0%B8%99-%E0%B8%97%E0%B8%B5%E0%B9%88%E0%B9%82%E0%B8%AE%E0%B8%A1%E0%B9%82%E0%B8%9B%E0%B8%A3-%E0%B9%80%E0%B8%A1%E0%B8%81%E0%B8%B2-%E0%B9%82%E0%B8%AE%E0%B8%A1-%E0%B8%A3%E0%B8%B1%E0%B8%9A%E0%B8%AA%E0%B9%88%E0%B8%A7%E0%B8%99%E0%B8%A5%E0%B8%94%E0%B9%81%E0%B8%A5%E0%B8%B0%E0%B9%80%E0%B8%84%E0%B8%A3%E0%B8%94%E0%B8%B4%E0%B8%95%E0%B9%80%E0%B8%87%E0%B8%B4%E0%B8%99%E0%B8%84%E0%B8%B7%E0%B8%99%E0%B8%AA%E0%B8%B8%E0%B8%94%E0%B8%84%E0%B8%B8/961408983118338/,KBank Live. 󱢏. สำหรับบุคคลธรรมดา สัญชาติไทย อายุ 12 ปีขึ้นไป นำบัตรประจำตัวประชาชนตัว ...,www.facebook.com
Organic Search Result,2026-06-01,Unknown,KBank Live added a new photo.,https://www.facebook.com/KBankLive/photos/971905935401976/,⏲ ระยะเวลาลงทะเบียน ลงทะเบียนประชาชน 25 - 29 พ.ค. 69 ลงทะเบียนร้านค้า 25 พ.ค. 69 - 31 ก.ค. 69 . อย่าลืมใช้สิทธิกันน้า! . #KBank #KBanklive #ไทยช่วยไทยพลัส.,www.facebook.com
Organic Search Result,2026-06-01,Unknown,KBank - เทศกาลยื่นภาษีปี 2568 มาแล้ว ใครเป็นแบบไหน มาลอง ...,https://www.facebook.com/KBankLive/photos/%E0%B9%80%E0%B8%97%E0%B8%A8%E0%B8%81%E0%B8%B2%E0%B8%A5%E0%B8%A2%E0%B8%B7%E0%B9%88%E0%B8%99%E0%B8%A0%E0%B8%B2%E0%B8%A9%E0%B8%B5%E0%B8%9B%E0%B8%B5-2568-%E0%B8%A1%E0%B8%B2%E0%B9%81%E0%B8%A5%E0%B9%89%E0%B8%A7-%E0%B9%83%E0%B8%84%E0%B8%A3%E0%B9%80%E0%B8%9B%E0%B9%87%E0%B8%99%E0%B9%81%E0%B8%9A%E0%B8%9A%E0%B9%84%E0%B8%AB%E0%B8%99-%E0%B8%A1%E0%B8%B2%E0%B8%A5%E0%B8%AD%E0%B8%87%E0%B9%82%E0%B8%AB%E0%B8%A7%E0%B8%95%E0%B8%81%E0%B8%B1%E0%B8%99-%E0%B9%84%E0%B8%94%E0%B9%89%E0%B8%84%E0%B8%B7%E0%B8%99-%E0%B9%80%E0%B8%9E%E0%B8%A3%E0%B8%B2%E0%B8%B0%E0%B8%A7%E0%B8%B2%E0%B8%87%E0%B9%81%E0%B8%9C%E0%B8%99%E0%B8%A5%E0%B8%94%E0%B8%AB%E0%B8%A2%E0%B9%88%E0%B8%AD/956132720312631/,KBank Live. 󱢏. ขอน้อมรับเป็นข้อเสนอแนะเพื่อนำไปปรับปรุ งและพัฒนา ...,www.facebook.com
Organic Search Result,2026-06-01,Unknown,ธนาคารแห่งประเทศไทย - ธปท. ชี้แจงหลักเกณฑ์และรายละเอียด ...,https://www.facebook.com/photo.php?fbid=1239716151634678&set=a.260886042851032&id=100067889138628,ธปท. ชี้แจงหลักเกณฑ์และรายละเอียด กรณีบริษัทกัลฟ์เข้าถือหุ้นธนาคารกสิกรไทย (KBANK) . ตามที่ พ.ร.บ. ธุรกิจสถาบันการเงิน พ.ศ. 2551 มาตรา 18 กำหนดว่า...,www.facebook.com
Organic Search Result,2026-06-01,Unknown,โอ๊ยซื้อรถซื้อรถ แต่ไม่รู้จะถามใคร 🎶 K OK เช็กแค่ 5 นาที รู้เลย ...,https://www.facebook.com/KBankLive/posts/%E0%B9%82%E0%B8%AD%E0%B9%8A%E0%B8%A2%E0%B8%8B%E0%B8%B7%E0%B9%89%E0%B8%AD%E0%B8%A3%E0%B8%96%E0%B8%8B%E0%B8%B7%E0%B9%89%E0%B8%AD%E0%B8%A3%E0%B8%96-%E0%B9%81%E0%B8%95%E0%B9%88%E0%B9%84%E0%B8%A1%E0%B9%88%E0%B8%A3%E0%B8%B9%E0%B9%89%E0%B8%88%E0%B8%B0%E0%B8%96%E0%B8%B2%E0%B8%A1%E0%B9%83%E0%B8%84%E0%B8%A3-k-ok-%E0%B9%80%E0%B8%8A%E0%B9%87%E0%B8%81%E0%B9%81%E0%B8%84%E0%B9%88-5-%E0%B8%99%E0%B8%B2%E0%B8%97%E0%B8%B5-%E0%B8%A3%E0%B8%B9%E0%B9%89%E0%B9%80%E0%B8%A5%E0%B8%A2%E0%B8%A7%E0%B8%87%E0%B9%80%E0%B8%87%E0%B8%B4%E0%B8%99%E0%B9%80%E0%B8%97%E0%B9%88%E0%B8%B2%E0%B9%84%E0%B8%AB%E0%B8%A3%E0%B9%88-%E0%B9%80%E0%B8%8A%E0%B9%87%E0%B8%81/974668895125680/,KBank Live. 󱢏. ขออภัยในความไม่สะดวกค่ะ ขอเป็นอีกหนึ่งช่องทางในการดูแลค่ะ รบกวนแจ้งรายละเอียดมาทาง KBank Live LINE Official ที่ Line ID: @kbanklive แล้วพิมพ์ ...,www.facebook.com
Organic Search Result,2026-06-01,Unknown,เปิดคัมภีร์ความคุ้ม! ฉลองช้อป #ตรุษจีน จะของไหว้ หรือกินมื้ออร่อย ...,https://www.facebook.com/KBankLive/posts/%E0%B9%80%E0%B8%9B%E0%B8%B4%E0%B8%94%E0%B8%84%E0%B8%B1%E0%B8%A1%E0%B8%A0%E0%B8%B5%E0%B8%A3%E0%B9%8C%E0%B8%84%E0%B8%A7%E0%B8%B2%E0%B8%A1%E0%B8%84%E0%B8%B8%E0%B9%89%E0%B8%A1-%E0%B8%89%E0%B8%A5%E0%B8%AD%E0%B8%87%E0%B8%8A%E0%B9%89%E0%B8%AD%E0%B8%9B-%E0%B8%95%E0%B8%A3%E0%B8%B8%E0%B8%A9%E0%B8%88%E0%B8%B5%E0%B8%99-%E0%B8%88%E0%B8%B0%E0%B8%82%E0%B8%AD%E0%B8%87%E0%B9%84%E0%B8%AB%E0%B8%A7%E0%B9%89-%E0%B8%AB%E0%B8%A3%E0%B8%B7%E0%B8%AD%E0%B8%81%E0%B8%B4%E0%B8%99%E0%B8%A1%E0%B8%B7%E0%B9%89%E0%B8%AD%E0%B8%AD%E0%B8%A3%E0%B9%88%E0%B8%AD%E0%B8%A2%E0%B8%97%E0%B8%B5%E0%B9%88%E0%B8%A3%E0%B9%89%E0%B8%B2%E0%B8%99%E0%B8%AD%E0%B8%B2%E0%B8%AB%E0%B8%B2%E0%B8%A3%E0%B8%88%E0%B8%B5%E0%B8%99-%E0%B8%81/957810486811521/,... และชำระคืนได้เต็มจำนวนตามกำหนด จะได้ไม่เสียดอกเบี้ย 16% ต่อปี #KBankLiveContent #ตรุษจีนนี้Kเลย #บัตรเครดิตกสิกรไทย #KBank #โปรบัตรเครดิต. Log in · 󰟙. KBank Live's post. KBank ...,www.facebook.com
Organic Search Result,2026-06-01,Unknown,GULF ถือหุ้น KBANK 10% โบรกฯ ชี้บริหารเงินสดเหมาะสม หนุน ...,https://www.facebook.com/wealthythai/posts/gulf-%E0%B8%96%E0%B8%B7%E0%B8%AD%E0%B8%AB%E0%B8%B8%E0%B9%89%E0%B8%99-kbank-10%E0%B9%82%E0%B8%9A%E0%B8%A3%E0%B8%81%E0%B8%AF-%E0%B8%8A%E0%B8%B5%E0%B9%89%E0%B8%9A%E0%B8%A3%E0%B8%B4%E0%B8%AB%E0%B8%B2%E0%B8%A3%E0%B9%80%E0%B8%87%E0%B8%B4%E0%B8%99%E0%B8%AA%E0%B8%94%E0%B9%80%E0%B8%AB%E0%B8%A1%E0%B8%B2%E0%B8%B0%E0%B8%AA%E0%B8%A1-%E0%B8%AB%E0%B8%99%E0%B8%B8%E0%B8%99%E0%B8%81%E0%B8%B3%E0%B9%84%E0%B8%A3%E0%B8%A3%E0%B8%B0%E0%B8%A2%E0%B8%B0%E0%B8%AA%E0%B8%B1%E0%B9%89%E0%B8%99-%E0%B8%A3%E0%B8%B1%E0%B8%9A%E0%B8%9B%E0%B8%B1%E0%B8%99%E0%B8%9C%E0%B8%A5%E0%B9%80%E0%B8%9E%E0%B8%B4%E0%B9%88%E0%B8%A1/952822833762294/,GULF ถือหุ้น KBANK 10% โบรกฯ ชี้บริหารเงินสดเหมาะสม หนุนกำไรระยะสั้น-รับปันผลเพิ่ม ยกเป็น Top Pick ปรับเป้าใหม่ 70 บาท ....,www.facebook.com
Organic Search Result,2026-06-01,Unknown,กสิกรไทยพลิกโฉม 'THE WISDOM' สร้างประสบการณ์ใหม่ลูกค้า ...,https://www.facebook.com/thestandardwealth/photos/%E0%B8%81%E0%B8%AA%E0%B8%B4%E0%B8%81%E0%B8%A3%E0%B9%84%E0%B8%97%E0%B8%A2%E0%B8%9E%E0%B8%A5%E0%B8%B4%E0%B8%81%E0%B9%82%E0%B8%89%E0%B8%A1-the-wisdom-%E0%B8%AA%E0%B8%A3%E0%B9%89%E0%B8%B2%E0%B8%87%E0%B8%9B%E0%B8%A3%E0%B8%B0%E0%B8%AA%E0%B8%9A%E0%B8%81%E0%B8%B2%E0%B8%A3%E0%B8%93%E0%B9%8C%E0%B9%83%E0%B8%AB%E0%B8%A1%E0%B9%88%E0%B8%A5%E0%B8%B9%E0%B8%81%E0%B8%84%E0%B9%89%E0%B8%B2%E0%B8%81%E0%B8%A5%E0%B8%B8%E0%B9%88%E0%B8%A1-wealth-%E0%B8%94%E0%B9%89%E0%B8%A7%E0%B8%A2%E0%B8%81%E0%B8%B2%E0%B8%A3%E0%B8%A3%E0%B8%B5%E0%B9%81%E0%B8%9A%E0%B8%A3%E0%B8%99%E0%B8%94%E0%B9%8C/1760990048515003/,#TheWisdom #KBank . [PR NEWS]. Kalvin Wong and 191 others · 󰤥 192 · 󰤦 1 ... KBANK และ KKP แนะเอกชนเร่งเปิดเผยข้อมูลความยั่งยืน เพราะในอนาคตอันใกล้ ใครทำ ...,www.facebook.com
Organic Search Result,2026-06-01,Unknown,👜⌚ ช็อปแบบสับ กับแบรนด์โปรดที่รอคอย #บัตรเครดิตวันสยาม ...,https://www.facebook.com/onesiamofficial/posts/-%E0%B8%8A%E0%B9%87%E0%B8%AD%E0%B8%9B%E0%B9%81%E0%B8%9A%E0%B8%9A%E0%B8%AA%E0%B8%B1%E0%B8%9A-%E0%B8%81%E0%B8%B1%E0%B8%9A%E0%B9%81%E0%B8%9A%E0%B8%A3%E0%B8%99%E0%B8%94%E0%B9%8C%E0%B9%82%E0%B8%9B%E0%B8%A3%E0%B8%94%E0%B8%97%E0%B8%B5%E0%B9%88%E0%B8%A3%E0%B8%AD%E0%B8%84%E0%B8%AD%E0%B8%A2-%E0%B8%9A%E0%B8%B1%E0%B8%95%E0%B8%A3%E0%B9%80%E0%B8%84%E0%B8%A3%E0%B8%94%E0%B8%B4%E0%B8%95%E0%B8%A7%E0%B8%B1%E0%B8%99%E0%B8%AA%E0%B8%A2%E0%B8%B2%E0%B8%A1%E0%B8%81%E0%B8%AA%E0%B8%B4%E0%B8%81%E0%B8%A3%E0%B9%84%E0%B8%97%E0%B8%A2-%E0%B9%80%E0%B8%AD%E0%B8%B2%E0%B9%83%E0%B8%88%E0%B8%95%E0%B8%B1%E0%B8%A7%E0%B8%A1%E0%B8%B1%E0%B8%A1-%E0%B8%9C%E0%B9%88%E0%B8%AD%E0%B8%99%E0%B8%8A%E0%B8%B4%E0%B8%A5-/1332873545537268/,May be an image of money and text that says 'SIAM CENTER SIAM DISCOVERY SIAMPARAGON · May be an image of text that says 'ONE SIAM KBank KBank บัตรเครดิตกสิกร.,www.facebook.com
Organic Search Result,2026-06-01,Unknown,MAKE by KBank added a new photo.,https://www.facebook.com/photo.php?fbid=891249197000562&set=a.121143887344434&id=100083464684109,Log in. Facebook. May be an image of text that says '< Home Home 28x... 󱣽 · 󱙆 · MAKE by KBank. 󱙄. Feb 8 · 󰟠. Photos · Fung Praew Boonthong · 󰤥 1 · 󰤦 · 󰤧. Recent ...,www.facebook.com
Organic Search Result,2026-06-01,Unknown,ความเคลื่อนไหวสำคัญในตลาดหุ้นไทยเกิดขึ้นอีกครั้ง เมื่อ บมจ. กัล ...,https://www.facebook.com/todaybizview/photos/%E0%B8%84%E0%B8%A7%E0%B8%B2%E0%B8%A1%E0%B9%80%E0%B8%84%E0%B8%A5%E0%B8%B7%E0%B9%88%E0%B8%AD%E0%B8%99%E0%B9%84%E0%B8%AB%E0%B8%A7%E0%B8%AA%E0%B8%B3%E0%B8%84%E0%B8%B1%E0%B8%8D%E0%B9%83%E0%B8%99%E0%B8%95%E0%B8%A5%E0%B8%B2%E0%B8%94%E0%B8%AB%E0%B8%B8%E0%B9%89%E0%B8%99%E0%B9%84%E0%B8%97%E0%B8%A2%E0%B9%80%E0%B8%81%E0%B8%B4%E0%B8%94%E0%B8%82%E0%B8%B6%E0%B9%89%E0%B8%99%E0%B8%AD%E0%B8%B5%E0%B8%81%E0%B8%84%E0%B8%A3%E0%B8%B1%E0%B9%89%E0%B8%87-%E0%B9%80%E0%B8%A1%E0%B8%B7%E0%B9%88%E0%B8%AD-%E0%B8%9A%E0%B8%A1%E0%B8%88-%E0%B8%81%E0%B8%B1%E0%B8%A5%E0%B8%9F%E0%B9%8C-%E0%B8%94%E0%B8%B5%E0%B9%80%E0%B8%A7%E0%B8%A5%E0%B8%A5%E0%B8%AD%E0%B8%9B%E0%B9%80%E0%B8%A1%E0%B8%99%E0%B8%97%E0%B9%8C-g/1223757769888664/,"โดยสำนักงานคณะกรรมการกำกับหลักทรัพย์และตลาดหลัก ทรัพย์ (ก.ล.ต.) ระบุว่า เมื่อวันที่ 12 กุมภาพันธ์ 2569 GULF ได้ซื้อหุ้น KBANK จำนวน 2,949,600 หุ้น ในราคาหุ้นละ 197 บาท คิดเป็นมูลค่ารวมประมาณ ...",www.facebook.com
Organic Search Result,2026-06-01,Unknown,💳 ขายง่ายขึ้น ลูกค้าจ่ายสะดวกกว่าเดิม! 👉 ระบบ POSPOS รองรับ ...,https://www.facebook.com/posposco/posts/-%E0%B8%82%E0%B8%B2%E0%B8%A2%E0%B8%87%E0%B9%88%E0%B8%B2%E0%B8%A2%E0%B8%82%E0%B8%B6%E0%B9%89%E0%B8%99-%E0%B8%A5%E0%B8%B9%E0%B8%81%E0%B8%84%E0%B9%89%E0%B8%B2%E0%B8%88%E0%B9%88%E0%B8%B2%E0%B8%A2%E0%B8%AA%E0%B8%B0%E0%B8%94%E0%B8%A7%E0%B8%81%E0%B8%81%E0%B8%A7%E0%B9%88%E0%B8%B2%E0%B9%80%E0%B8%94%E0%B8%B4%E0%B8%A1-%E0%B8%A3%E0%B8%B0%E0%B8%9A%E0%B8%9A-pospos-%E0%B8%A3%E0%B8%AD%E0%B8%87%E0%B8%A3%E0%B8%B1%E0%B8%9A%E0%B8%81%E0%B8%B2%E0%B8%A3%E0%B9%80%E0%B8%8A%E0%B8%B7%E0%B9%88%E0%B8%AD%E0%B8%A1%E0%B8%95%E0%B9%88%E0%B8%AD-%E0%B8%81%E0%B8%B1%E0%B8%9A-%E0%B9%80%E0%B8%84%E0%B8%A3%E0%B8%B7%E0%B9%88%E0%B8%AD%E0%B8%87%E0%B8%A3/1347605134049829/,ขายง่ายขึ้น ลูกค้าจ่ายสะดวกกว่าเดิม! ระบบ POSPOS รองรับการเชื่อมต่อ กับ เครื่องรูดบัตร EDC ของ KBank ได้โดยตรง ✨ ใช้งานได้ 2 รุ่น ✓ รุ่น Castle V3...,www.facebook.com
Organic Search Result,2026-06-01,Unknown,"5 หุ้นไทยมูลค่าซื้อขายสูงสุด 6 ก.พ. 69 📱 ADVANC รับ 361, 356 ...",https://www.facebook.com/innovestxsecurities/posts/5-%E0%B8%AB%E0%B8%B8%E0%B9%89%E0%B8%99%E0%B9%84%E0%B8%97%E0%B8%A2%E0%B8%A1%E0%B8%B9%E0%B8%A5%E0%B8%84%E0%B9%88%E0%B8%B2%E0%B8%8B%E0%B8%B7%E0%B9%89%E0%B8%AD%E0%B8%82%E0%B8%B2%E0%B8%A2%E0%B8%AA%E0%B8%B9%E0%B8%87%E0%B8%AA%E0%B8%B8%E0%B8%94-6-%E0%B8%81%E0%B8%9E-69-advanc-%E0%B8%A3%E0%B8%B1%E0%B8%9A-361-356-%E0%B8%95%E0%B9%89%E0%B8%B2%E0%B8%99-374-379-kbank-%E0%B8%A3%E0%B8%B1%E0%B8%9A-1/1215519037403239/,"5 หุ้นไทยมูลค่าซื้อขายสูงสุด 6 ก.พ. 69 ADVANC รับ 361, 356 ต้าน 374, 379 KBANK รับ 187.50, 185.50 ต้าน 190.50, 193 🛢️ PTTEP รับ 125.50, 122.50 ต้าน...",www.facebook.com
Organic Search Result,2026-06-01,Unknown,"หุ้นเด่นวันนี้ Stock Today ประจำวันที่ 27 ก.พ. 2569 🎯 SPA, SC, ...",https://www.facebook.com/moneyandbanking/posts/%E0%B8%AB%E0%B8%B8%E0%B9%89%E0%B8%99%E0%B9%80%E0%B8%94%E0%B9%88%E0%B8%99%E0%B8%A7%E0%B8%B1%E0%B8%99%E0%B8%99%E0%B8%B5%E0%B9%89-stock-today-%E0%B8%9B%E0%B8%A3%E0%B8%B0%E0%B8%88%E0%B8%B3%E0%B8%A7%E0%B8%B1%E0%B8%99%E0%B8%97%E0%B8%B5%E0%B9%88-27-%E0%B8%81%E0%B8%9E-2569-spa-sc-cpall-kbank-isrg01-tfg-/1359570566208518/,"หุ้นเด่นวันนี้ Stock Today ประจำวันที่ 27 ก.พ. 2569 SPA, SC, CPALL, KBANK, ISRG01, TFG, BDMS และ MEB . #หุ้นไทยวันนี้ #หุ้นเด่น #หุ้นวันนี้ #SET.",www.facebook.com
Organic Search Result,2026-06-01,Unknown,รับเ... - รับเขียนแผนธุรกิจ แผนการตลาด เชียงใหม่ และทั่วประเทศ,https://www.facebook.com/businessplanchiangmai/photos/d41d8cd9/3237385783133753/,Log in. Facebook. May be an image of text that says 'KBank ธนาคารกสิกรไทย ...,www.facebook.com
