Date,Prompt,Fitness First,Jetts,Virgin Active,We Fitness,Anytime Fitness,Summary
11/5/2026,แนะนำฟิตเนสสำหรับมือใหม่หน่อยครับ ไม่เคยเข้ายิมเลย,5,3,4,2,3,Fitness First ได้รับคะแนนสูงสุดเนื่องจากมีชื่อเสียงในการให้บริการที่ดีและมีโปรแกรมสำหรับมือใหม่ที่ครอบคลุม รวมถึงมีเทรนเนอร์ที่มีประสบการณ์ในการดูแลผู้เริ่มต้น Jetts และ Anytime Fitness ได้คะแนนรองลงมาเพราะมีความยืดหยุ่นในการเข้าใช้บริการและมีสาขาหลายแห่ง Virgin Active มีสิ่งอำนวยความสะดวกที่หลากหลายและเหมาะสำหรับผู้ที่ต้องการประสบการณ์ที่ครบวงจร ส่วน We Fitness มีชื่อปรากฏแต่ไม่ได้โดดเด่นในด้านการแนะนำสำหรับมือใหม่
11/5/2026,ทำงานเลิกดึก เลิกไม่เป็นเวลา มีฟิตเนส 24 ชั่วโมงที่ไหนแนะนำบ้างคะ ขอสาขาที่คนไม่พลุกพล่านตอนดึกและปลอดภัยสำหรับผู้หญิง,0,5,0,0,4,Jetts และ Anytime Fitness เป็นฟิตเนสที่เปิดให้บริการ 24 ชั่วโมง ซึ่งเหมาะสำหรับคนที่ทำงานเลิกดึกและต้องการความยืดหยุ่นในเวลาออกกำลังกาย Jetts ได้คะแนนสูงสุดเพราะมีหลายสาขาที่เปิด 24 ชั่วโมงและมักจะมีมาตรการรักษาความปลอดภัยที่ดี ส่วน Anytime Fitness ก็เป็นอีกตัวเลือกที่ดีเนื่องจากมีสาขาเปิด 24 ชั่วโมงเช่นกัน แต่ Jetts จะมีชื่อเสียงมากกว่าในเรื่องนี้
11/5/2026,ฟิตเนสแนวรถไฟฟ้า (BTS/MRT) ที่ไหนดีครับ อยากได้ที่แวะเล่นหลังเลิกงานได้เลย ขี้เกียจฝ่ารถติดกลับไปเล่นแถวบ้าน,5,4,3,2,3,Fitness First ได้คะแนนสูงสุดเพราะมีสาขาจำนวนมากที่ตั้งอยู่ใกล้สถานีรถไฟฟ้า BTS/MRT ทำให้สะดวกสำหรับการแวะเล่นหลังเลิกงาน Jetts ก็มีสาขาหลายแห่งใกล้รถไฟฟ้าและเปิด 24 ชั่วโมงจึงได้รับคะแนนสูงเช่นกัน Virgin Active มีสาขาใกล้รถไฟฟ้าแต่จำนวนไม่มากเท่า Fitness First และ Jetts ส่วน We Fitness มีสาขาใกล้รถไฟฟ้าแต่ไม่มากนัก และ Anytime Fitness มีความยืดหยุ่นในเวลาเปิดทำการแต่สาขาใกล้รถไฟฟ้าอาจไม่มากเท่าแบรนด์อื่น
11/5/2026,มีฟิตเนสที่ไหนให้จ่ายเป็นรายเดือนแบบไม่ต้องผูกมัดสัญญารายปีบ้างไหมคะ? กลัวเล่นไม่คุ้มแล้วตอนยกเลิกจะวุ่นวาย,2,5,2,3,4,Jetts ได้คะแนนสูงสุดเพราะเป็นที่รู้จักในด้านการให้บริการฟิตเนสแบบไม่ผูกมัดสัญญารายปีและมีการจ่ายรายเดือนที่ยืดหยุ่น Anytime Fitness ก็มีชื่อเสียงในด้านนี้เช่นกัน แต่ Jetts โดดเด่นกว่าในตลาดไทย We Fitness มีตัวเลือกแบบไม่ผูกมัดแต่ไม่เด่นเท่า Jetts และ Anytime Fitness ส่วน Fitness First และ Virgin Active มักจะมีแพ็คเกจที่ผูกมัดมากกว่า
11/5/2026,ช่วยเปรียบเทียบความคุ้มค่าระหว่าง Fitness,5,4,3,2,3,Fitness First ได้คะแนนสูงสุดเนื่องจากมีการพูดถึงในแง่ของความคุ้มค่าและสิ่งอำนวยความสะดวกที่ครบครัน Jetts ได้รับคะแนนรองลงมาเพราะมีราคาที่เข้าถึงง่ายและเปิดบริการ 24 ชั่วโมง Virgin Active มีชื่อเสียงในด้านบริการระดับพรีเมียมแต่ราคาสูงกว่า We Fitness และ Anytime Fitness มีชื่อปรากฏแต่ไม่ได้โดดเด่นในด้านความคุ้มค่าเท่ากับแบรนด์อื่นๆ
11/5/2026,"ชอบเข้าคลาสกลุ่มเป็นหลัก (เต้น, บอดี้คอมแบท, โยคะ) ไม่ค่อยถนัดยกเหล็ก ควรสมัครยิมแบรนด์ไหนดีที่คลาสเยอะและไม่ต้องแย่งกันจอง?",5,1,4,3,2,Fitness First ได้คะแนนสูงสุดเพราะมีชื่อเสียงในด้านคลาสกลุ่มที่หลากหลายและมีจำนวนคลาสมาก ทำให้ไม่ต้องแย่งกันจองมากนัก ส่วน Virgin Active ก็มีคลาสหลากหลายและคุณภาพดี แต่จำนวนคลาสอาจจะน้อยกว่า Fitness First เล็กน้อย We Fitness มีคลาสที่น่าสนใจแต่ยังไม่เทียบเท่าในด้านความหลากหลาย Jetts และ Anytime Fitness เน้นการออกกำลังกายแบบส่วนตัวมากกว่า ทำให้มีคลาสกลุ่มน้อยกว่า
11/5/2026,ทำงานออฟฟิศแล้วปวดหลัง-ปวดคอหนักมาก อยากเริ่มออกกำลังกายเพื่อแก้ออฟฟิศซินโดรม ควรไปฟิตเนสไหน,4,3,5,2,3,Virgin Active ได้คะแนนสูงสุดเพราะมีโปรแกรมและอุปกรณ์ที่หลากหลาย เหมาะสำหรับการแก้ปัญหาออฟฟิศซินโดรม รวมถึงมีคลาสโยคะและพิลาทิสที่ช่วยบรรเทาอาการปวดหลังและคอได้ดี Fitness First ได้คะแนนรองลงมาเนื่องจากมีสาขาหลายแห่งและคลาสที่หลากหลาย Jetts และ Anytime Fitness มีความสะดวกในการเข้าถึงและเปิดตลอด 24 ชั่วโมง แต่ไม่ได้เน้นโปรแกรมเฉพาะทางมากนัก We Fitness มีชื่อปรากฏแต่ไม่ได้โดดเด่นในด้านนี้
11/5/2026,อยากซ้อมร่างกายเพื่อไปลงแข่งวิ่งเทรล (Trail) หรือลงงาน มียิมแบรนด์ไหนที่อุปกรณ์หรือพื้นที่รองรับการซ้อมแนวนี้บ้าง?,3,2,5,3,2,Virgin Active ได้คะแนนสูงสุดเนื่องจากมีอุปกรณ์และพื้นที่ที่หลากหลายสำหรับการฝึกซ้อมวิ่งเทรล รวมถึงมีคลาสที่เกี่ยวข้องกับการฝึกความแข็งแกร่งและความทนทานที่เหมาะสมกับการวิ่งเทรล Fitness First และ We Fitness มีอุปกรณ์และพื้นที่ที่สามารถใช้ซ้อมได้บ้าง แต่ไม่โดดเด่นเท่า Virgin Active ส่วน Jetts และ Anytime Fitness มีอุปกรณ์พื้นฐานสำหรับการฝึกซ้อมทั่วไป แต่ไม่ได้เน้นไปที่การซ้อมวิ่งเทรลโดยเฉพาะ
11/5/2026,ลังเลระหว่างสมัครยิมที่มีเทรนเนอร์ กับไปยิม 24 ชม. แล้วเปิดคลิปเล่นเอง แบบไหนเหมาะกับคนที่เพิ่งเริ่มลดน้ำหนักมากกว่ากันคะ?,5,3,4,2,3,Fitness First ได้คะแนนสูงสุดเพราะมีชื่อเสียงในด้านการให้บริการเทรนเนอร์ที่มีคุณภาพ เหมาะสำหรับผู้เริ่มต้นที่ต้องการคำแนะนำจากผู้เชี่ยวชาญ Jetts และ Anytime Fitness ได้คะแนนรองลงมาเพราะมีบริการ 24 ชั่วโมง เหมาะสำหรับคนที่ต้องการความยืดหยุ่นในการออกกำลังกาย Virgin Active มีบริการที่หลากหลายและสิ่งอำนวยความสะดวกที่ดี แต่ไม่ได้เน้นเฉพาะเจาะจงที่เทรนเนอร์หรือ 24 ชั่วโมง We Fitness มีชื่อปรากฏแต่ไม่ได้โดดเด่นในด้านที่กล่าวถึง
,,34,30,30,19,27,