Platform,Status,Media_Outlet
Website,Others,forbesthailand
Website,Others,pi.financial
YouTube,Others,efinanceThai TV
Website,Others,innovestx
Website,Others,thaidebtclub
Website,Others,vetvillepet
Website,Others,beartai
Website,Others,stock.gapfocus
Website,Others,skootar
Website,Others,waze
Website,Others,trinitythai
Website,Others,brandinside.asia
Website,Others,today.line.me
Website,Others,thepeople.co
Website,Others,thaipr.net
Website,Others,hoonsmart
Website,Others,mitihoon
Website,Others,posttoday
Website,Others,iamchinatownbkk
Website,Others,techsauce.co
Website,Others,thaipublica.org
Website,Others,bangkokhospital
Website,Others,thunhoon
Website,Others,marketeeronline.co
Website,Others,share2trade
Website,Others,mgronline
Website,Others,threads
Website,Others,thaicontractor
Website,Others,hoonsmart
Website,Others,aio.panphol
Website,Others,longtunman
Website,Others,thairath
Website,Others,bangkokbiznews
Website,Others,efinancethai
Website,Others,matichon
Website,Others,workpointtoday
Website,Others,majorcineplex
YouTube,Others,Alochar Channel
Website,Others,thunhoon
YouTube,Others,Insight AI Brief
Website,Others,th.openrice
Website,Others,bizfocusmagazine
Website,Others,innovestx
YouTube,Others,Kaohoon TV Online - ข่าวหุ้นทีวีออนไลน์
Website,Others,marketthink.co
Website,Others,hoonvision
Website,Others,share2trade
YouTube,Others,Splendor-Biz
Website,Others,brandinside.asia
Website,Others,bangkokbiznews
Website,Others,longtunman
Website,Others,kaohoon
Website,Others,infoquest
Website,Others,posttoday
Website,Others,take-a-rich
Website,Others,mgronline
TikTok,Others,bestdrivermautoecole
Website,Others,sanook
Website,Others,moneyandbanking
TikTok,Others,kaohoon
YouTube,Others,Alochar Channel
Website,Others,hoonvision
Website,Others,today.line.me
Website,Others,thunhoon
Website,Others,forbesthailand
TikTok,Others,disneythailandfanclub
YouTube,Others,Nuttavee chaleesopon
Website,Others,efinancethai
YouTube,Others,TISCO Securities
TikTok,Others,getmoneytrip
Website,Others,share2trade
YouTube,Others,GetMoneyTrip
Website,Others,prachachat.net
Website,Others,innovestx
YouTube,Others,SET Thailand
Website,Others,thunhoon
YouTube,Others,KSecurities
Website,Others,th.my-best
Website,Others,caltex
X/Twitter,Others,ThaiPublica
Website,Others,hoonvision
Website,Others,infoquest
YouTube,Others,The Founder's Journey (เส้นทางเจ้าของธุรกิจ)
YouTube,Others,Guru Living
Website,Others,hopinnhotel
Website,Others,evat.or.th
Website,Others,techsauce.co
YouTube,Others,Thailand360
Website,Others,thunhoon
Website,Others,hoonsmart
Website,Others,themomentum.co
Website,Others,longtunman
Website,Others,mitihoon
Website,Others,today.line.me
Website,Others,efin.finance
Website,Others,dokbiaonline
Website,Others,brandbuffet.in.th
Website,Others,ryt9
YouTube,Others,Alochar Channel
Website,Others,bangkokx.me
Website,Others,mgronline
Website,Others,thairath
Website,Others,makemoneyinsight
Website,Others,posttoday
Website,Others,marketplus.in.th
Website,Others,bangkokbiznews
Website,Others,moneyandbanking
Website,Others,prachachat.net
Website,Others,thansettakij
Facebook,Others,punpromotion
Website,Others,hoonvision
Website,Others,mitihoon
Website,Others,today.line.me
Website,Others,efinancethai
Website,Others,moneyandbanking
Website,Others,kaohoon
Website,Others,thunhoon
Website,Others,bangkokbiznews
Website,Others,brandinside.asia
YouTube,Others,GetMoneyTrip
TikTok,Others,guruliving
Website,Others,today.line.me
Website,Others,kaohoon
Website,Others,bangkokbiznews
TikTok,Others,kaohoon
Website,Others,thaipr.net
Website,Others,infoquest
Website,Others,hoonvision
Website,Others,today.line.me
Website,Others,mitihoon
Website,Others,hoonsmart
YouTube,Others,INTV Thai
Website,Others,infoquest
TikTok,Others,unithaitrip
Website,Others,today.line.me
Website,Others,mitihoon
Website,Others,thaipublica.org
Website,Others,kingpower
Website,Others,thunhoon
Facebook,Others,kaohoononline
Website,Others,true.th
Website,Others,indexlivingmall
YouTube,Others,News1
Website,Others,mitihoon
Website,Others,thepeople.co
Website,Others,positioningmag
Website,Others,sanook
Website,Others,infoquest
Website,Others,matichon
Website,Others,naewna
Website,Others,kaohoon
Website,Others,posttoday
Website,Others,naewna
Website,Others,ryt9
Website,Others,thaipr.net
Website,Others,brandbuffet.in.th
Website,Others,prachachat.net
Website,Others,infoquest
Website,Others,themomentum.co
Website,Others,today.line.me
Website,Others,traveloka
YouTube,Others,Future Trends 
Website,Others,share2trade
Website,Others,komchadluek.net
Website,Others,thansettakij
Website,Others,thairath
Website,Others,thaiwatsadu
Website,Others,posttoday
Website,Others,brandinside.asia
YouTube,Others,Grand Prix Online
Website,Others,thunhoon
Website,Others,kaosetagit
Website,Others,hilight.kapook
Website,Others,blockdit
Website,Others,mitihoon
Website,Others,hoonvision
Website,Others,brandinside.asia
YouTube,Others,FlowAccount
Website,Others,workpointtoday
Website,Others,thaipr.net
Website,Others,threads
Website,Others,futuretrend.co
Website,Others,thethaiger
YouTube,Others,Alochar Channel
Website,Others,thunhoon
Website,Others,workpointtoday
YouTube,Others,Kaohoon TV Online - ข่าวหุ้นทีวีออนไลน์
Website,Others,mitihoon
YouTube,Others,Money and Banking Channel
Website,Others,brandinside.asia
Website,Others,cardguruth
YouTube,Others,2465ch
Website,Others,mitihoon
YouTube,Others,Future Trends 
Website,Others,mitihoon
YouTube,Others,SET Zooom in
YouTube,Others,SET Thailand
Website,Others,eastspring
Website,Others,innovestx
Website,Others,hoonvision
Website,Others,pi.financial
X/Twitter,Others,BEM_MRT
Website,Others,aio.panphol
Website,Others,techtalkthai
Website,Others,hoonvision
Website,Others,mega-bangna
X/Twitter,Others,hachibanramenth
Website,Others,settrade
YouTube,Others,Kaohoon TV Online - ข่าวหุ้นทีวีออนไลน์
Website,Others,marketeeronline.co
Website,Others,antifakenewscenter
Website,Others,thestandard.co
Website,Others,share2trade
Website,Others,today.line.me
Website,Others,hoonsmart
Website,Others,mitihoon
Website,Others,ryt9
Website,Others,thairath
Website,Others,mgronline
Website,Others,kaohoon
Website,Others,prachachat.net
YouTube,Others,Than Money Trick
Website,Others,settrade
Website,Others,indexlivingmall
TikTok,Others,kaohoon
Website,Others,workpointtoday
Website,Others,posttoday
Website,Others,thunhoon
Website,Others,brandbuffet.in.th
Website,Others,thansettakij
Website,Others,settrade
YouTube,Others,TNN
Website,Others,marketeeronline.co
Website,Others,today.line.me
Website,Others,mitihoon
Website,Others,longtunman
TikTok,Others,tnnwealth
Website,Others,checkraka
Website,Others,grandprix
YouTube,Others,Kaohoon TV Online - ข่าวหุ้นทีวีออนไลน์
Website,Others,mitihoon
Website,Others,today.line.me
Website,Others,prachachat.net
YouTube,Others,The Walker
Website,Others,kaohoon
TikTok,Others,ressaarenae
YouTube,Others,Insight AI Brief
YouTube,Others,Insight AI Brief
Website,Others,hoonvision
Website,Others,nayoo.co
YouTube,Others,ทันหุ้น
Website,Others,thaipublica.org
Website,Others,today.line.me
Website,Others,finnomena
YouTube,Others,กรุงเทพธุรกิจ
Website,Others,klook
YouTube,Others,News1
Website,Others,set.or.th
Website,Others,settrade
Website,Others,emquartier
Website,Others,eastspring
Website,Others,hoonvision
Website,Others,thanachart
Website,Others,cmhy.city
Website,Others,antifakenewscenter
Website,Others,thunhoon
Website,Others,hoonsmart
Website,Others,web3.antaq.gov.br
Website,Others,forbesthailand
Website,Others,mgronline
Website,Others,ryt9
Website,Others,central
Website,Others,mitihoon
Website,Others,news.trueid.net
Website,Others,thaipublica.org
Website,Others,biztodaynews
Website,Others,naewna
Website,Others,prachachat.net
Website,Others,banmuang
Website,Others,efinancethai
Website,Others,thansettakij
Website,Others,bangkokbiznews
Website,Others,efinancethai
Website,Others,thaipublica.org
YouTube,Others,Future Trends 
Website,Others,thansettakij
Website,Others,threads
X/Twitter,Others,MorningNewsTV3
YouTube,Others,Kaohoon TV Online - ข่าวหุ้นทีวีออนไลน์
Website,Others,hoonsmart
Website,Others,antifakenewscenter
Website,Others,kaohoon
Website,Others,mgronline
TikTok,Others,antifakenewscenter
YouTube,Others,Kaohoon TV Online - ข่าวหุ้นทีวีออนไลน์
X/Twitter,Others,MoneyBuffaloTH
Website,Others,hoonvision
Website,Others,marketeeronline.co
Website,Others,today.line.me
Website,Others,mitihoon
Website,Others,finnomena
Website,Others,kaohoon
Website,Others,mgronline
YouTube,Others,Business Line&Life Channel
Website,Others,settrade
Website,Others,threads
Website,Others,mrta
Website,Others,th.my-best
Website,Others,powerpass.kingpower
Website,Others,my.lotuss
Website,Others,sogreen.asia
Website,Others,bdh.moph.go.th
Website,Others,cardx
Website,Others,beartai
Website,Others,thunhoon
Website,Others,hoonvision
Website,Others,finnomena
Website,Others,today.line.me
YouTube,Others,InfoQuestNews
Website,Others,share2trade
Website,Others,mfa.go.th
Website,Others,thaipublica.org
Website,Others,promotion.homepro
Website,Others,thestorythailand
Website,Others,hr.csrgroup
Website,Others,simplebalance
Website,Others,brandinside.asia
Website,Others,klook
Website,Others,traveloka
Website,Others,techsauce.co
Website,Others,hoonsmart
Website,Others,thairath
Website,Others,longtunman
Website,Others,mitihoon
Website,Others,aio.panphol
Website,Others,wealthythai
Website,Others,isranews.org
YouTube,Others,ณภ RJ
Website,Others,sanook
Website,Others,static.dime
Website,Others,mgronline
Website,Others,kaohoon
TikTok,Others,kaohoon
Website,Others,pinterest
Website,Others,ryt9
Website,Others,brandbuffet.in.th
Website,Others,siamchart
Website,Others,thaipr.net
Website,Others,thestandard.co
Website,Others,prachachat.net
Website,Others,share2trade
Website,Others,centralfoodwholesale
Website,Others,hoonvision
Website,Others,thaipr.net
Website,Others,nationtv.tv
Website,Others,moneyandbanking
Website,Others,thunhoon
Website,Others,thansettakij
Website,Others,cardx
Website,Others,hoonvision
Website,Others,amway
Website,Others,today.line.me
YouTube,Others,TNN
Website,Others,infoquest
Website,Others,thairath
Website,Others,prachachat.net
Website,Others,stockevents.app
Website,Others,mgronline
YouTube,Others,Business Line&Life Channel
Website,Others,efinancethai
YouTube,Others,Business Line&Life Channel
Website,Others,thunhoon
Website,Others,aio.panphol
Website,Others,mitihoon
Website,Others,kaohoon
Website,Others,infoquest
Website,Others,share2trade
YouTube,Others,TNN
Website,Others,cardx
Website,Others,hoonvision
TikTok,Others,tangkwaky
Website,Others,mitihoon
Website,Others,today.line.me
Website,Others,thunhoon
Website,Others,share2trade
Website,Others,today.line.me
YouTube,Others,Longtun Time - ลงทุนไทม์ - ได้เวลาลงทุน
Website,Others,mitihoon
Website,Others,today.line.me
YouTube,Others,TNN
YouTube,Others,Kaohoon TV Online - ข่าวหุ้นทีวีออนไลน์
Website,Others,kaohoon
Website,Others,mitihoon
Website,Others,cardx
YouTube,Others,หมีขาวอันดับหนึ่ง
Website,Others,hoonvision
Website,Others,today.line.me
Website,Others,mitihoon
Website,Others,hoonvision
Website,Others,cardx
Website,Others,today.line.me
Website,Others,mitihoon
Website,Others,thunhoon
Website,Others,mitihoon
Website,Others,today.line.me
Website,Others,today.line.me
Website,Others,today.line.me
Website,Others,mitihoon
Website,Others,mitihoon
Facebook,Others,groups
Website,Others,thaipublica.org
Website,Others,hoonvision
Website,Others,thunhoon
Website,Others,eg.mahidol.ac.th
TikTok,Others,thunhoon_
Website,Others,fwd
Website,Others,money-thunder
Website,Others,mcardmall
Website,Others,hoonvision
YouTube,Others,Money and Banking Channel
Website,Others,today.line.me
Website,Others,isranews.org
Website,Others,kaohoon
Website,Others,mitihoon
Website,Others,thestandard.co
Website,Others,thewave-online
Website,Others,true.th
Website,Others,mgronline
Website,Others,ryt9
Website,Others,longtunman
Website,Others,sanook
Website,Others,today.line.me
Website,Others,mitihoon
Website,Others,kaohoon
Website,Others,dailynews
Website,Others,posttoday
Website,Others,prachachat.net
Website,Others,cardx
Website,Others,thansettakij
Website,Others,thaipublica.org
Website,Others,mitihoon
Website,Others,emsphere
Website,Others,paragondepartmentstore
Website,Others,matichon
Website,Others,isranews.org
Website,Others,thestandard.co
Website,Others,positioningmag
Website,Others,infoquest
Website,Others,mgronline
Website,Others,posttoday
Website,Others,thansettakij
Website,Others,efinancethai
Website,Others,thaipublica.org
YouTube,Others,Kaohoon TV Online - ข่าวหุ้นทีวีออนไลน์
Website,Others,hoonvision
Website,Others,khaosod
Website,Others,thai-ins
TikTok,Others,kaohoon
Website,Others,thunhoon
Website,Others,today.line.me
YouTube,Others,BTimes
Website,Others,kaohoon
YouTube,Others,Money and Banking Channel
Website,Others,hoonvision
Website,Others,thaipublica.org
Website,Others,today.line.me
Website,Others,mgronline
Website,Others,infoquest
Website,Others,thansettakij
YouTube,Others,Money and Banking Channel
Website,Others,thai-ins
Website,Others,posttoday
Website,Others,mitihoon
Website,Others,thai-ins
YouTube,Others,Business Line&Life Channel
Website,Others,mitihoon
Website,Others,today.line.me
YouTube,Others,News NBT2HD
YouTube,Others,TNN
Website,Others,today.line.me
Website,Others,cardx
Website,Others,mitihoon
Website,Others,thai-ins
Website,Others,today.line.me
Website,Others,kaohoon
Website,Others,mitihoon
Website,Others,mitihoon
Website,Others,mitihoon
Website,Others,kaohoon
Website,Others,hoonvision
Website,Others,mitihoon
Website,Others,today.line.me
Website,Others,today.line.me
Website,Others,hoonvision
Website,Others,kaohoon
Website,Others,today.line.me
Website,Others,kaohoon
Website,Others,hoonvision
Website,Others,mitihoon
Website,Others,today.line.me
Website,Others,kaohoon
Website,Others,hoonvision
Website,Others,mitihoon
Website,Others,today.line.me
Website,Others,kaohoon
Website,Others,hoonvision
Website,Others,mitihoon
Website,Others,hoonvision
Website,Others,mitihoon
Website,Others,hoonvision
Website,Others,hoonvision
Website,Others,mitihoon
Website,Others,today.line.me
Website,Others,hoonvision
Website,Others,mitihoon
Website,Others,today.line.me
Website,Others,hoonvision
Website,Others,mitihoon
Website,Others,hoonvision
Facebook,Others,cardxthailand
Website,Others,ddigital.spo.moph.go.th
YouTube,Others,SET Zooom in
Website,Others,thaipr.net
Website,Others,tyreplus
Website,Others,tops
Website,Others,hoonvision
Website,Others,thairath
YouTube,Others,Kaohoon TV Online - ข่าวหุ้นทีวีออนไลน์
Website,Others,scsc-coop
Website,Others,settrade
Website,Others,cardx
YouTube,Others,Money and Banking Channel
Website,Others,thaipublica.org
Website,Others,kingpower
Website,Others,mumuplayer
Website,Others,thaiairways
Website,Others,terrabkk
Website,Others,today.line.me
Website,Others,themalllifestore
Website,Others,opendurian
Website,Others,sanook
Website,Others,fashionisland
Website,Others,share2trade
Website,Others,brandage
Website,Others,opendurian
Website,Others,infoquest
Website,Others,posttoday
YouTube,Others,TNN
Website,Others,spacebar.th
Website,Others,khaosod
Website,Others,th.trip
Website,Others,bangkokbiznews
Website,Others,prachachat.net
Website,Others,news.trueid.net
Website,Others,amarintv
Website,Others,hoonvision
Website,Others,centralfoodwholesale
Website,Others,moneyandbanking
Website,Others,pptvhd36
Website,Others,thansettakij
Website,Others,emporium
Website,Others,paragondepartmentstore
Website,Others,thairath
Website,Others,mitihoon
Website,Others,kaohoon
Website,Others,posttoday
Website,Others,newswit
Website,Others,today.line.me
Website,Others,positioningmag
Website,Others,kaohoon
Website,Others,mgronline
Website,Others,infoquest
Website,Others,thaiwatsadu
Website,Others,kingpower
Website,Others,isranews.org
Website,Others,brandinside.asia
Website,Others,mitihoon
Website,Others,hoonvision
Website,Others,isranews.org
Website,Others,thunhoon
Website,Others,mitihoon
YouTube,Others,Money and Banking Channel
Website,Others,today.line.me
Website,Others,brandinside.asia
Website,Others,kaohoon
Website,Others,thairath
Website,Others,positioningmag
Website,Others,settrade
Website,Others,infoquest
YouTube,Others,TNN
Website,Others,isranews.org
Website,Others,mitihoon
Website,Others,infoquest
YouTube,Others,Krungsri Securities
Website,Others,posttoday
Website,Others,hoonvision
Website,Others,prachachat.net
YouTube,Others,News NBT2HD
Website,Others,mitihoon
Website,Others,today.line.me
Website,Others,brandinside.asia
YouTube,Others,ณภ RJ
YouTube,Others,เรื่องเล่าเช้านี้
Website,Others,thairath
Website,Others,hoonvision
Website,Others,kaohoon
Website,Others,today.line.me
YouTube,Others,Money and Banking Channel
Facebook,Others,kaohoononline
Facebook,Others,moneyandbanking
Facebook,Others,cardxthailand
Facebook,Others,gowholesaleth
Facebook,Others,siamparagonshopping
Facebook,Others,akarestaurant
Facebook,Others,innovestxsecurities
Website,Others,kaohoon
Website,Others,today.line.me
Website,Others,mitihoon
Website,Others,hoonvision
Website,Others,kaohoon
Website,Others,hoonvision
Website,Others,mitihoon
Website,Others,kaohoon
Website,Others,kaohoon
Website,Others,mitihoon
Website,Others,kaohoon
Website,Others,mitihoon
Website,Others,kaohoon
Website,Others,mitihoon
Website,Others,mitihoon
Website,Others,mitihoon
Facebook,Others,groups
Website,Others,mitihoon
Website,Others,mitihoon
Website,Others,mitihoon
Website,Others,mitihoon
Website,Others,mitihoon
Website,Others,mitihoon
Website,Others,mitihoon
Website,Others,mitihoon
Facebook,Others,kaohoononline
Website,Others,pi.financial
Website,Others,thunhoon
Website,Others,share2trade
YouTube,Others,THE STANDARD WEALTH
Website,Others,thunhoon
TikTok,Others,sinefinechannel
Website,Others,mitihoon
YouTube,Others,News1
Website,Others,reic.or.th
Website,Others,finnomena
Website,Others,spu.ac.th
Website,Others,marketeeronline.co
Website,Others,hoonsmart
YouTube,Others,Kaohoon TV Online - ข่าวหุ้นทีวีออนไลน์
Website,Others,hoonvision
Website,Others,infoquest
Website,Others,thaipr.net
Website,Others,isranews.org
Website,Others,brandinside.asia
Website,Others,thaipost.net
Website,Others,today.line.me
Website,Others,brandbuffet.in.th
Website,Others,mgronline
Website,Others,kaohoon
Website,Others,sanook
Website,Others,amarintv
Website,Others,spacebar.th
Website,Others,naewna
Website,Others,pptvhd36
Website,Others,khaosod
Website,Others,today.line.me
Website,Others,kaohoon
Website,Others,thaipublica.org
Website,Others,thebangkokinsight
Website,Others,mitihoon
Website,Others,today.line.me
Website,Others,brandinside.asia
Website,Others,hoonsmart
Website,Others,aio.panphol
Website,Others,isranews.org
Website,Others,kaohoon
Website,Others,mgronline
Website,Others,thaipr.net
Website,Others,infoquest
TikTok,Others,chahub_m
Website,Others,today.line.me
Website,Others,th.investing
Website,Others,kaohoon
Website,Others,isranews.org
Website,Others,hoonsmart
Website,Others,thebangkokinsight
YouTube,Others,Money and Banking Channel
Website,Others,mgronline
Website,Others,hoonvision
YouTube,Others,ณภ RJ
Website,Others,brandinside.asia
Website,Others,thunhoon
Website,Others,th.investing
Website,Others,hoonvision
YouTube,Others,Business Line&Life Channel
Website,Others,mitihoon
Website,Others,hoonsmart
Website,Others,kaohoon
YouTube,Others,Money and Banking Channel
Website,Others,hoonvision
YouTube,Others,Sinefine channel
Website,Others,mitihoon
Website,Others,thunhoon
Website,Others,today.line.me
Website,Others,hoonsmart
YouTube,Others,TNN
YouTube,Others,ณภ RJ
Website,Others,today.line.me
Website,Others,thunhoon
Website,Others,kaohoon
YouTube,Others,Money and Banking Channel
Website,Others,thunhoon
YouTube,Others,Money and Banking Channel
Website,Others,mitihoon
Website,Others,kaohoon
YouTube,Others,ณภ RJ
Website,Others,hoonvision
Website,Others,today.line.me
Website,Others,mitihoon
Website,Others,kaohoon
Website,Others,hoonvision
Website,Others,today.line.me
Website,Others,kaohoon
Website,Others,mitihoon
Website,Others,today.line.me
Website,Others,kaohoon
Website,Others,mitihoon
Website,Others,kaohoon
Website,Others,hoonvision
Website,Others,mitihoon
Website,Others,today.line.me
Website,Others,kaohoon
Website,Others,hoonvision
Website,Others,mitihoon
Website,Others,kaohoon
Website,Others,hoonvision
Website,Others,mitihoon
Website,Others,today.line.me
Website,Others,hoonvision
Website,Others,kaohoon
Website,Others,mitihoon
Website,Others,hoonvision
Website,Others,today.line.me
Website,Others,kaohoon
Website,Others,mitihoon
Website,Others,mitihoon
Website,Others,today.line.me
Website,Others,kaohoon
Website,Others,mitihoon
Website,Others,mitihoon
Website,Others,today.line.me
Website,Others,mitihoon
Website,Others,mitihoon
Website,Others,market.sec.or.th
Website,Others,settrade
YouTube,Others,SET Zooom in
Website,Others,cp.eng.chula.ac.th
Website,Others,hoonvision
Website,Others,settrade
Website,Others,thaipublica.org
Website,Others,marketeeronline.co
Website,Others,set.or.th
Website,Others,web3.antaq.gov.br
Website,Others,thaiairways
Website,Others,share2trade
Website,Others,today.line.me
Website,Others,mitihoon
Website,Others,wealthmagik
Website,Others,my.lotuss
Website,Others,thunhoon
Website,Others,terrabkk
Website,Others,thestandard.co
Website,Others,mgronline
Website,Others,hoonsmart
Website,Others,wealthythai
TikTok,Others,rosarioannunziatalive
Website,Others,today.line.me
Website,Others,thebusinessplus
YouTube,Others,Money and Banking Channel
Website,Others,prachachat.net
Website,Others,thaipublica.org
Website,Others,pptvhd36
Website,Others,hoonvision
Website,Others,today.line.me
Website,Others,mitihoon
Website,Others,marketeeronline.co
YouTube,Others,ณภ RJ
Website,Others,mgronline
YouTube,Others,Share2Trade
Website,Others,thairath
Website,Others,stockautomated
Website,Others,today.line.me
Website,Others,mitihoon
Website,Others,marketeeronline.co
Website,Others,set.or.th
YouTube,Others,Kaohoon TV Online - ข่าวหุ้นทีวีออนไลน์
TikTok,Others,rosarioannunziatalive
Website,Others,thunhoon
Website,Others,hoonvision
Website,Others,today.line.me
YouTube,Others,Business Line&Life Channel
YouTube,Others,THE STANDARD WEALTH
Website,Others,mitihoon
Website,Others,settrade
YouTube,Others,Money and Banking Channel
YouTube,Others,Kaohoon TV Online - ข่าวหุ้นทีวีออนไลน์
Website,Others,hoonvision
YouTube,Others,Kaohoon TV Online - ข่าวหุ้นทีวีออนไลน์
Website,Others,hoonvision
Website,Others,today.line.me
Website,Others,mitihoon
YouTube,Others,Cozy Investor
Website,Others,hoonvision
Website,Others,hoonvision
Website,Others,today.line.me
Website,Others,mitihoon
Website,Others,mitihoon
Website,Others,today.line.me
Website,Others,mitihoon
Website,Others,today.line.me
Website,Others,hoonvision
Website,Others,mitihoon
Website,Others,hoonvision
Website,Others,today.line.me
Website,Others,hoonvision
Website,Others,today.line.me
Website,Others,today.line.me
Website,Others,hoonvision
Website,Others,today.line.me
Website,Others,hoonvision
Website,Others,today.line.me
Website,Others,today.line.me
Website,Others,today.line.me
Website,Others,today.line.me
Website,Others,today.line.me
Website,Others,today.line.me
Website,Others,today.line.me
Website,Others,today.line.me
Facebook,Others,fastworkco
Website,Others,thunhoon
Website,Others,my.lotuss
YouTube,Others,efinanceThai TV
Website,Others,share2trade
Website,Others,stock.adobe
Website,Others,efiling.rd.go.th
Website,Others,siampremiumoutlets
X/Twitter,Others,kafaak
Website,Others,nuuneoi
Website,Others,fridaybangkok
Website,Others,pi.financial
Website,Others,siampremiumoutlets
YouTube,Others,akanekikaku / avantgardey
Website,Others,set.or.th
Website,Others,trinitythai
Website,Others,siampicganesha
Website,Others,wealthythai
Website,Others,hoonsmart
Website,Others,mitihoon
Website,Others,today.line.me
Website,Others,aio.panphol
Website,Others,siamturakij
YouTube,Others,efinanceThai TV
Website,Others,bangkokbiznews
Website,Others,isranews.org
Website,Others,mgronline
Website,Others,take-a-rich
Website,Others,kaohoon
Website,Others,infoquest
Website,Others,thairath
Website,Others,posttoday
YouTube,Others,Business Line&Life Channel
Website,Others,threads
Website,Others,thunhoon
Website,Others,hoonvision
Website,Others,prachachat.net
Website,Others,share2trade
YouTube,Others,แนวคิดคนรวย [Podcast]
Website,Others,mitihoon
Website,Others,hoonsmart
Website,Others,today.line.me
YouTube,Others,Mission To Top U
Website,Others,moneyandbanking
Website,Others,infoquest
Website,Others,kaohoon
Website,Others,bangkokbiznews
YouTube,Others,Dara Bangkok
Website,Others,set.or.th
Website,Others,thansettakij
Website,Others,thunhoon
YouTube,Others,Dara Bangkok
Website,Others,hoonvision
Website,Others,mitihoon
Website,Others,hoonsmart
Website,Others,share2trade
TikTok,Others,khaooath
YouTube,Others,Dara Bangkok
Website,Others,today.line.me
Website,Others,wealthythai
Website,Others,thairath
YouTube,Others,กวางสาวพราวรีวิว / CHITCHON CHANNEL
Website,Others,posttoday
Website,Others,mgronline
YouTube,Others,Business Line&Life Channel
Website,Others,thunhoon
Website,Others,hoonvision
Website,Others,mitihoon
Website,Others,set.or.th
Website,Others,hoonsmart
Website,Others,posttoday
YouTube,Others,Dara Bangkok
Website,Others,hoonvision
Website,Others,mgronline
Website,Others,mitihoon
Website,Others,thunhoon
Website,Others,today.line.me
YouTube,Others,ลุงเล่นหุ้น
Website,Others,mitihoon
Website,Others,thunhoon
TikTok,Others,thunhoon_
Website,Others,mitihoon
TikTok,Others,chopluem
TikTok,Others,im.topform
X/Twitter,Others,thunhoon1
Facebook,Others,groups
X/Twitter,Others,ktnewsonline
X/Twitter,Others,ktnewsonline
X/Twitter,Others,kaohoon
Facebook,Others,hear.and.there.live
X/Twitter,Others,babylego_
X/Twitter,Others,kaohoon
X/Twitter,Others,kaohoon
X/Twitter,Others,kaohoon
X/Twitter,Others,eFinanceThai
Website,Others,innovestx
Website,Others,thunhoon
Website,Others,fnsyrus
Website,Others,event.thaiticketmajor
Website,Others,share2trade
Website,Others,innovestx
YouTube,Others,TNN
Website,Others,isranews.org
YouTube,Others,Kaohoon TV Online - ข่าวหุ้นทีวีออนไลน์
Website,Others,checkraka
YouTube,Others,efinanceThai TV
YouTube,Others,TOP NEWS LIVE  
Website,Others,hoonvision
Website,Others,set.or.th
Website,Others,ornsirin
Website,Others,innovestx
Website,Others,promotion.homepro
Website,Others,thunhoon
Website,Others,naewna
Website,Others,prachachat.net
Website,Others,amarintv
Website,Others,thebangkokinsight
Website,Others,thunhoon
Website,Others,workpointtoday
Website,Others,posttoday
Website,Others,infoquest
Website,Others,thansettakij
Website,Others,moneyandbanking
Facebook,Others,KSecurities
Website,Others,isranews.org
Website,Others,today.line.me
TikTok,Others,kaohoon
Website,Others,mitihoon
Website,Others,hoonvision
Website,Others,thai-ins
Website,Others,hoonsmart
Website,Others,kaohoon
Website,Others,th.investing
Website,Others,ryt9
Website,Others,mgronline
Website,Others,share2trade
YouTube,Others,Kaohoon TV Online - ข่าวหุ้นทีวีออนไลน์
TikTok,Others,thunhoon_
Website,Others,infoquest
Website,Others,thansettakij
Website,Others,posttoday
Website,Others,prachachat.net
Website,Others,thestandard.co
Facebook,Others,thunhoonnews
YouTube,Others,News1
X/Twitter,Others,ktnewsonline
Website,Others,pptvhd36
Website,Others,thunhoon
Website,Others,today.line.me
YouTube,Others,ทันหุ้น
Website,Others,mitihoon
Website,Others,hoonsmart
Website,Others,isranews.org
Website,Others,hoonvision
Website,Others,kaohoon
Website,Others,ryt9
TikTok,Others,tnnwealth
Website,Others,infoquest
Website,Others,thansettakij
Website,Others,prachachat.net
YouTube,Others,efinanceThai TV
Website,Others,innovestx
Website,Others,thunhoon
YouTube,Others,ทันหุ้น
Website,Others,today.line.me
Website,Others,mitihoon
Website,Others,kaohoon
Website,Others,hoonsmart
Website,Others,infoquest
Website,Others,thunhoon
Website,Others,today.line.me
YouTube,Others,News1
X/Twitter,Others,ktnewsonline
Website,Others,mitihoon
YouTube,Others,Business Line&Life Channel
Website,Others,kaohoon
Website,Others,infoquest
YouTube,Others,Kaohoon TV Online - ข่าวหุ้นทีวีออนไลน์
Website,Others,posttoday
YouTube,Others,HOONINSIDE
Website,Others,thunhoon
Website,Others,innovestx
X/Twitter,Others,ktnewsonline
Website,Others,today.line.me
Website,Others,mitihoon
Website,Others,kaohoon
YouTube,Others,Kaohoon TV Online - ข่าวหุ้นทีวีออนไลน์
Website,Others,infoquest
YouTube,Others,Finansia Syrus Securities
Website,Others,posttoday
YouTube,Others,Kaohoon TV Online - ข่าวหุ้นทีวีออนไลน์
Website,Others,today.line.me
Website,Others,mitihoon
YouTube,Others,สาระก็มีนะเนี่ย
Website,Others,today.line.me
Website,Others,thunhoon
Website,Others,mitihoon
YouTube,Others,กวางสาวพราวรีวิว / CHITCHON CHANNEL
Website,Others,kaohoon
Website,Others,infoquest
YouTube,Others,Ping Prakit (ปิง ประกิต) 
Website,Others,thunhoon
Website,Others,mitihoon
YouTube,Others,กวางสาวพราวรีวิว / CHITCHON CHANNEL
Website,Others,kaohoon
YouTube,Others,ฟอร์มหุ้น
Website,Others,kaohoon
Website,Others,today.line.me
Website,Others,mitihoon
Website,Others,today.line.me
Website,Others,mitihoon
Website,Others,kaohoon
Website,Others,thunhoon
Website,Others,mitihoon
Website,Others,today.line.me
Website,Others,thunhoon
Website,Others,mitihoon
Website,Others,today.line.me
Website,Others,mitihoon
Website,Others,thunhoon
Website,Others,today.line.me
Website,Others,mitihoon
Facebook,Others,groups
Website,Others,today.line.me
Facebook,Others,wealthythai
Facebook,Others,thestandardwealth
Facebook,Others,onesiamofficial
Facebook,Others,todaybizview
Facebook,Others,posposco
Facebook,Others,innovestxsecurities
Facebook,Others,moneyandbanking
YouTube,Others,Stock Story by AI
Website,Others,thunhoon
YouTube,Others,Techsauce
Website,Others,emsphere
Website,Others,isranews.org
Website,Others,centralfoodwholesale
Website,Others,expressplaspack
Website,Others,mgronline
Website,Others,blueplus
YouTube,Others,Ankle Mania
Website,Others,brandinside.asia
Website,Others,kaohoon
Facebook,Others,livenationth
Website,Others,hoonsmart
Website,Others,kaohoon
Website,Others,eastspring
Website,Others,infoquest
Website,Others,today.line.me
Website,Others,th.investing
Website,Others,mitihoon
Website,Others,forbesthailand
Website,Others,linebk
Website,Others,hoonsmart
Website,Others,thestandard.co
Website,Others,empeo
Website,Others,share2trade
Website,Others,kaohoon
Website,Others,brandinside.asia
Website,Others,positioningmag
Website,Others,siamrath
Website,Others,thepeople.co
Website,Others,sanook
Website,Others,thaipr.net
Website,Others,kaoupdate
Website,Others,thairath
Website,Others,wealthythai
Website,Others,thunhoon
Website,Others,wealthplustoday
YouTube,Others,THE STANDARD LIFE
Website,Others,hoonvision
Website,Others,thaipublica.org
Website,Others,moneyandbanking
Website,Others,newswit
YouTube,Others,ผัวมาดามแพม
Website,Others,mitihoon
Website,Others,hilight.kapook
Website,Others,prachachat.net
Website,Others,mgronline
Website,Others,today.line.me
Website,Others,isranews.org
Website,Others,infoquest
Website,Others,share2trade
Website,Others,thethaiger
Website,Others,tnews
TikTok,Others,chitchon.channel
YouTube,Others,รู้ออนไลน์ ไว้ใช้งาน
Website,Others,mgronline
Website,Others,thunhoon
Website,Others,infoquest
Website,Others,isranews.org
Website,Others,kaohoon
Website,Others,hoonsmart
Website,Others,newswit
Website,Others,share2trade
Website,Others,storekh.press
Website,Others,khaosod
Website,Others,hoonsmart
YouTube,Others,กวางสาวพราวรีวิว / CHITCHON CHANNEL
TikTok,Others,empeo.official
Website,Others,infoquest
Website,Others,mitihoon
Website,Others,thaipr.net
Website,Others,mgronline
Website,Others,isranews.org
Website,Others,today.line.me
Website,Others,kaohoon
YouTube,Others,กวางสาวพราวรีวิว / CHITCHON CHANNEL
YouTube,Others,Sai_MoneyMonster
Website,Others,share2trade
TikTok,Others,thairathmoney
Website,Others,today.line.me
YouTube,Others,ลุงเล่นหุ้น
TikTok,Others,duongprivatee
Website,Others,kaohoon
Website,Others,thunhoon
Website,Others,share2trade
YouTube,Others,CHANGE into Magazine Sutthikhun Kongthong
TikTok,Others,drbanktv
YouTube,Others,THE MONEY COACH
TikTok,Others,thunhoon_
Website,Others,kaohoon
Website,Others,mgronline
YouTube,Others,FRESH TALK
Website,Others,today.line.me
TikTok,Others,startyourwayofficial
TikTok,Others,titikorntalk
YouTube,Others,Money Mindset 60 sec
TikTok,Others,khunlight
TikTok,Others,gatenantana
Website,Others,today.line.me
TikTok,Others,pennnnnnnn5
TikTok,Others,_boomwa896
Website,Others,today.line.me
X/Twitter,Others,ThaiTicketMajor
X/Twitter,Others,kaohoon
X/Twitter,Others,kapookdotcom
Website,Others,settrade
Website,Others,innovestx
Website,Others,hoonvision
YouTube,Others,efinanceThai TV
Website,Others,thestorythailand
YouTube,Others,TNN
Website,Others,settrade
Website,Others,thunhoon
Website,Others,efin.finance
Website,Others,share2trade
Website,Others,brandinside.asia
Website,Others,isranews.org
YouTube,Others,ทันหุ้น
Website,Others,workpointtoday
Website,Others,pi.financial
YouTube,Others,TNN
X/Twitter,Others,thestandardth
Website,Others,th.trip
Website,Others,thunhoon
Website,Others,set.or.th
Website,Others,themalllifestore
Website,Others,mgronline
Website,Others,today.line.me
Website,Others,kaohoon
Website,Others,mitihoon
Website,Others,hoonsmart
Website,Others,infoquest
Website,Others,newswit
Website,Others,thairath
Website,Others,siamblockchain
Website,Others,moneyandbanking
Website,Others,brandbuffet.in.th
Website,Others,thebangkokinsight
TikTok,Others,chitchon.channel
Website,Others,today.line.me
Website,Others,mitihoon
Website,Others,innovestx
YouTube,Others,NIA Channel
Website,Others,brandinside.asia
Website,Others,set.or.th
Website,Others,today.line.me
Website,Others,share2trade
Website,Others,mitihoon
Website,Others,hoonvision
Website,Others,th.wikipedia.org
YouTube,Others,Insight AI Brief
Website,Others,isranews.org
Website,Others,bangkokbiznews
Website,Others,prachachat.net
YouTube,Others,Insight AI Brief
Website,Others,thunhoon
YouTube,Others,Kaohoon TV Online - ข่าวหุ้นทีวีออนไลน์
Website,Others,hoonvision
Website,Others,infoquest
Website,Others,brandinside.asia
Website,Others,mgronline
Website,Others,moneyandbanking
YouTube,Others,Money Plus by Yuthana
Website,Others,isranews.org
Website,Others,posttoday
X/Twitter,Others,Standard_Wealth
YouTube,Others,ณภ RJ
Website,Others,thunhoon
YouTube,Others,Big Ariya
Website,Others,today.line.me
Website,Others,mitihoon
Website,Others,kaohoon
Website,Others,infoquest
YouTube,Others,ทันหุ้น
Website,Others,mgronline
YouTube,Others,กวางสาวพราวรีวิว / CHITCHON CHANNEL
Website,Others,thunhoon
Website,Others,hoonvision
Website,Others,mitihoon
Website,Others,hoonsmart
YouTube,Others,New High
YouTube,Others,ณภ RJ
Website,Others,prachachat.net
YouTube,Others,HOONINSIDE
Website,Others,today.line.me
Website,Others,hoonvision
Website,Others,thunhoon
YouTube,Others,แนวคิดคนรวย [Podcast]
TikTok,Others,rjarntor
YouTube,Others,HOONINSIDE
TikTok,Others,koraninn
Website,Others,thunhoon
TikTok,Others,chudaaom
Website,Others,today.line.me
YouTube,Others,Crypto by efinanceThai
Website,Others,mitihoon
Website,Others,hoonvision
Website,Others,kaohoon
Website,Others,infoquest
TikTok,Others,rjarntor
Website,Others,today.line.me
Website,Others,mitihoon
Website,Others,thunhoon
Website,Others,hoonvision
Website,Others,kaohoon
Website,Others,mitihoon
Website,Others,thunhoon
Website,Others,today.line.me
Website,Others,hoonvision
Website,Others,mitihoon
Website,Others,kaohoon
Website,Others,thunhoon
Website,Others,kaohoon
Website,Others,mitihoon
X/Twitter,Others,moneynbanking
Website,Others,kaohoon
Website,Others,today.line.me
Website,Others,thunhoon
Website,Others,today.line.me
Website,Others,mitihoon
Website,Others,kaohoon
Website,Others,thunhoon
Website,Others,mitihoon
Website,Others,today.line.me
Website,Others,kaohoon
X/Twitter,Others,InfoQuestNews
Website,Others,mitihoon
Website,Others,today.line.me
Website,Others,today.line.me
X/Twitter,Others,ThaiTicketMajor
Facebook,Others,bangkokbiznews
Website,Others,kaohoon
Website,Others,kaohoon
Website,Others,kaohoon
X/Twitter,Others,thunhoon1
X/Twitter,Others,brandinsideasia
X/Twitter,Others,thunhoon1
X/Twitter,Others,thunhoon1
X/Twitter,Others,kaohoon
X/Twitter,Others,prachachat
Website,Others,settrade
Website,Others,th.wikipedia.org
Website,Others,set.or.th
Website,Others,emsphere
Website,Others,thaipr.net
Website,Others,aia
Website,Others,share2trade
Website,Others,dek-d
Website,Others,hoonvision
Website,Others,moovitapp
Website,Others,today.line.me
Website,Others,mgronline
Website,Others,brandinside.asia
Website,Others,themalllifestore
Website,Others,efin.finance
Website,Others,bangkok-today
Website,Others,settrade
Website,Others,telecomlover
Website,Others,naewna
Website,Others,thunhoon
Website,Others,workpointtoday
YouTube,Others,Vue Media Studio
Website,Others,infoquest
Website,Others,globalbiznews.net
Website,Others,efinancethai
Website,Others,kaoupdate
Website,Others,ipricethailand
Website,Others,posttoday
Website,Others,biztodaynews
Website,Others,moovitapp
Website,Others,ryt9
YouTube,Others,Money Plus by Yuthana
Website,Others,thebangkokinsight
YouTube,Others,Share2Trade
Website,Others,settrade
Website,Others,today.line.me
Website,Others,mitihoon
Website,Others,paragondepartmentstore
Website,Others,share2trade
Website,Others,central
YouTube,Others,Benyiam
Website,Others,mgronline
Website,Others,set.or.th
Website,Others,bangkokbiznews
Website,Others,kaohoon
Website,Others,infoquest
Website,Others,news.trueid.net
YouTube,Others,BIZTODAY CHANNEL
Website,Others,tnnthailand
YouTube,Others,Business Line&Life Channel
TikTok,Others,allway8888
Website,Others,mbamagazine.net
Website,Others,kaohoon
Website,Others,hooncandle
Website,Others,bangkokbiznews
Website,Others,efinancethai
Website,Others,news.trueid.net
Website,Others,kasetpatiwat
YouTube,Others,Business Line&Life Channel
Website,Others,tnnthailand
TikTok,Others,mukmixinpa
Website,Others,set.or.th
Website,Others,today.line.me
YouTube,Others,Business Line&Life Channel
Website,Others,mitihoon
Website,Others,mgronline
Website,Others,share2trade
Website,Others,efinancethai
Website,Others,tnnthailand
Website,Others,today.line.me
Website,Others,mitihoon
Website,Others,kaohoon
Website,Others,mgronline
Website,Others,set.or.th
Website,Others,mgronline
Website,Others,today.line.me
Website,Others,kaohoon
Website,Others,mitihoon
Website,Others,kaohoon
Website,Others,kaohoon
Website,Others,today.line.me
Website,Others,today.line.me
Website,Others,kaohoon
Website,Others,today.line.me
Website,Others,kaohoon
Website,Others,today.line.me
Website,Others,kaohoon
Website,Others,today.line.me
Website,Others,today.line.me
Website,Others,today.line.me
Website,Others,today.line.me
Website,Others,today.line.me
Website,Others,today.line.me
Website,Others,today.line.me
Website,Others,today.line.me
Website,Others,today.line.me
X/Twitter,Others,kaohoon
X/Twitter,Others,HNM_store
Website,Others,today.line.me
Website,Others,today.line.me
X/Twitter,Others,PPTVHD36
Website,Others,today.line.me
Website,Others,today.line.me