Author;URLs;Heading;Views;Engagement;Likes;Comments;Shares;Createtime
spk3241;https://www.tiktok.com/@spk3241/video/7629932326994201876;Airplane with Sun🌅✈️ : Galaxy S26 Ultra!! #spk #samsung #ถ่ายไงได้งี้ #สอนถ่ายภาพ #ถ่ายรูปสวยด้วยมือถือ ;142900;5721;5457;28;236;1776482066
iam.kkwon;https://www.tiktok.com/@iam.kkwon/video/7629975134736157959;ใครใช้ Samsung มาร่วมแคมเปญนี้เร็ว เงินหมื่นรอคุณอยู่นะครับ!! #GalaxyTiktokStar #GalaxyS26Ultra ;3814;236;222;1;13;1776492028
guzappam;https://www.tiktok.com/@guzappam/video/7629962212219587847;อยากให้สังเกตุว่าถ้าไม่มีคนแล้วกันสั่นจะแย่ลงครับ อันนี้แอดต่อยอดจากโพสก่อนครับ ทดสอบกันสั่นงบหมื่นกลาง Samsung Galaxy A57 5G vs Nothing Phone 4a Pro  ปกติแล้วกันสั่นของงานวิดีโอจะจับวัตถุหรือคนที่อยู่ตรงกลางภาพเป็นตัวช่วยในการกันสั่น กล้องจะประมวลผลว่าอะไรควรนิ่งบ้างในวิดีโอที่เราเดินถ่าย แต่!! ถ้าไม่มีอะไรเด่นเป็นวัตถุหรือไม่มีคนเด่นตรงกลางวิดีโอ กล้องก็จะมีอาการสั่นระหว่างเดินถ่ายอย่างเห็นได้ชัดเจนครับ ลองดูจาก 2 ตัวนี้เทียบกันได้ครับผม  อันนี้ถ่าย 4K 30fps > เรนเดอร์ออกมาเป็น FullHD 30fps  #jongrak #smartphone #มือถือ ;25200;769;719;11;39;1776495600
zzt_zixzester;https://www.tiktok.com/@zzt_zixzester/video/7630004052855737620;Galaxy A57 - มือถือในงบ 15,000 บาท ตัวไหนคุ้มสุด!! ข้อดี? ข้อเสีย? รุ่นนี้เหมาะกับใคร!!! #zzt;9115;333;320;3;10;1776498766
stepgeektv;https://www.tiktok.com/@stepgeektv/video/7629513046213397768;รีวิว SAMSUNG Galaxy A37 : งบเบาๆ เน้นปลอดภัย กล้องสวย ใช้งานชิลๆ #StepGeek #ไอทีรอบรู้ #เรื่องคอมรอบด้าน #รู้รอบไอที #tiktoknews #tiktokuni #ข่าวมือถือ #มือถือ;22700;705;675;16;14;1776499200
droidsans;https://www.tiktok.com/@droidsans/video/7630069108247203092;น่าใช้ยังไงบ้าง Samsung Galaxy A57 5G รุ่นล่าสุดตระกูล A ซัมซุง ราคา 16,999 บาท #samsung #galaxya57 #มือถือใหม่;137700;5767;5297;115;355;1776513909
droidsans;https://www.tiktok.com/@droidsans/video/7630446076486618388;ราคาน่ารัก Samsung Galaxy A37 5G 13,999 บาท ให้อะไรมาบ้าง? #samsung #galaxya37 #มือถือใหม่;82900;4173;3927;48;198;1776601677
spk3241;https://www.tiktok.com/@spk3241/video/7630511561618083093;Moon🌕🚶‍♀️ : Galaxy S26 Ultra!! #spk #ExpertRaw #ถ่ายไงได้งี้ #สอนถ่ายภาพ #ถ่ายรูปสวยด้วยมือถือ ;503200;12850;11400;85;1365;1776616927
brightminho;https://www.tiktok.com/@brightminho/video/7630750768856943893;ฟีเจอร์ลับ 📱🫪 #GalaxyS26Ultra #Samsung ;7695;320;307;7;6;1776672628
arteereview;https://www.tiktok.com/@arteereview/video/7630789957480631559;ตอบกลับ @N.00001k งบสามหมื่น ถ้าให้แนะนำ 2 ตัวนี้แหละ จบจริง!?#อาตี๋รีวิว #tiktokป้ายยา #iphone17 #samsunggalaxys25ultra #fyp ;12300;225;209;0;16;1776681743
withcapt;https://www.tiktok.com/@withcapt/video/7630792438818426132;ใครจะไปคิดว่าจ่ายเงินแค่ 700 บาท ก็ได้มือถือที่ถ่ายรูปสวยขนาดนี้มาใช้งาน และนี่คือ Galaxy A37 5G #GalaxyA37 #กว้างหมดยกเว้นหน้า #วิดีโอ4Kมุมกว้างพิเศษ #Samsung #withcapt;2880;74;64;0;10;1776682324
dandelion.it;https://www.tiktok.com/@dandelion.it/video/7630823835591363861;ส่งไฟล์ผ่าา Quick Share ใน S26Ultra ผ่าน Quickshare ใน windows และ Airdrop ใน Mac os อะไรเร็วกว่า? #quickshare #ไอทีน่ารู้ #รอบรู้ไอที #macbook #airdrop ;21100;1112;1082;14;16;1776689634
dandelion.it;https://www.tiktok.com/@dandelion.it/video/7623034245132389652;ปรับแต่ง Quick Panel ได้ตามต้องการใน One Ui 8.5  #ซัมซุง  #s26ultra #oneui #สอนใช้ซัมซุง #แดนดิไลออนรีวิว ;386800;23173;21700;177;1296;1776764152
papayatopz;https://www.tiktok.com/@papayatopz/video/7630905913351638273;น่าจัด ! Galaxy A37 5G มือถือรุ่นใหม่จาก Samsung สุดคุ้ม ดาวน์เริ่ม 700 บาท ผ่อนใช้บัตรประชาชนใบเดียว #Samsung #GalaxyA37 #รีวิวมือถือ #มือถือรุ่นใหม่ #สมาร์ทโฟน;1072;39;36;2;1;1776708779
peeakewit;https://www.tiktok.com/@peeakewit/video/7631518990350765332;เทียบกล้อง S26 Ultra กับ S25 Ultra  . #พี่เอกวิทย์ #samsung #s26ultra #s25ultra ;65500;3428;3258;34;136;1776851485
naduchstepgeek;https://www.tiktok.com/@naduchstepgeek/video/7631543012799040776;Samsung Galaxy A57 เน้นกล้ิองมุมกว้างมากก กันน้ำด้วย  #GalaxyA57 #กว้างหมดยกเว้นหน้า #วิดีโอ4Kมุมกว้าง ;14200;765;731;7;27;1776857077
droidsans;https://www.tiktok.com/@droidsans/video/7631554966808939796;ต่างกัน 3000 บาทนะ Galaxy A57 5G กับ Galaxy A37 5G เลือกอะไรดี? #Samsung #GalaxyA57 #GalaxyA37;215000;7385;6720;84;581;1776859862
zzt_zixzester;https://www.tiktok.com/@zzt_zixzester/video/7631532717838044437;Highlight เกม- รีวิว Samsung Galaxy S26 และ S26+ มือถือไซส์เล็ก  แต่สเปกรุ่นพี่  ใช้งานเป็นไง? #SamsungGalaxyS26 #SamsungGalaxyS26Plus #zzt;7741;204;202;1;1;1776862800
zzt_zixzester;https://www.tiktok.com/@zzt_zixzester/video/7631532719440186645;Highlight กล้อง - รีวิว Samsung Galaxy S26 และ S26+ มือถือไซส์เล็ก  แต่สเปกรุ่นพี่  ใช้งานเป็นไง? #SamsungGalaxyS26 #SamsungGalaxyS26Plus #zzt;5072;156;151;1;4;1776864600
spk3241;https://www.tiktok.com/@spk3241/video/7632178296372907272;เที่ยวกับแฟนยังไงให้ได้รูปและวิดีโอสวยๆแบบง่ายๆ ทริคลับใช้เลนส์มุมกว้าง 4K กับซูมระยะ2x!🥰 #GalaxyA57 #กว้างหมดยกเว้นหน้า ;68500;4455;4291;36;128;1777004991
techoffside;https://www.tiktok.com/@techoffside/video/7631825245174844673;ซุ่มพัฒนารุ่นต่อ! เผยเบาะแส Samsung Galaxy Z TriFold 2 เตรียมเปิดตัวกลางปี 2027 พร้อมดีไซน์บางลง แม้ว่า Samsung Galaxy Z TriFold รุ่นแรกจะวางจำหน่ายไปแบบสั้นๆ และมีขายแค่บางประเทศ แต่ล่าสุดมีข่าวดีสำหรับคนรักนวัตกรรมหน้าจอพับครับ เพราะมีรายงานว่า Samsung กำลังซุ่มพัฒนา Galaxy Z TriFold 2 รุ่นสานต่ออย่างจริงจัง ไฮไลต์สำคัญของรุ่นนี้คือการอัปเกรด กลไกบานพับใหม่ ที่จะช่วยลดความหนาของตัวเครื่องลงไปได้อีก ทำให้เมื่อพับหรือกางออกจะมีความบางเฉียบกว่ารุ่นแรกอย่างแน่นอน สำหรับกำหนดการเปิดตัวคาดว่าจะอยู่ในช่วงกลางปี 2027 แฟนๆ ค่ายซัมซุงเตรียมเก็บเงินรอความล้ำนี้กันได้เลยครับ #Samsung #GalaxyZTriFold2 #ZTriFold2 #มือถือจอพับ #มือถือพับ3ทบ #สมาร์ตโฟน #ข่าวไอที #ข่าวสั้นล้ำหน้าโชว์ #TechOffside ขอบคุณข้อมูลจาก Gsmarena  ลิงก์ : https://www.gsmarena.com/samsung_galaxy_z_trifold_2_new_hinge_thinner_design-news-72435.php;5167;158;154;2;2;1777006800
dandelion.it;https://www.tiktok.com/@dandelion.it/video/7632620332964236564;ล้างไฟล์ขยะมือถือซัมซุง โดยที่ไม่ต้องทำอะไรเลย #ฟีเจอร์samsung #ซัมซุง #s26ultra #สอนใช้ซัมซุง #แดนดิไลออนรีวิว ;100200;7660;7113;47;500;1777107915
iam.kkwon;https://www.tiktok.com/@iam.kkwon/video/7632656272315239701;THE TOYS หล่อมาก จะบร้าาาาา 🫶🏻❤️‍🔥 #GalaxyS26Ultra #withGalaxy #ซัมซุงซูม #THESHOWCASEFESTIVAL ;2141;142;139;2;1;1777116279
iam.kkwon;https://www.tiktok.com/@iam.kkwon/video/7632719526609636629;ชีสวย ชีเริ่ด!!! 🤟🏻 #4EVE #GalaxyS26Ultra #withGalaxy #ซัมซุงซูม #THESHOWCASEFESTIVAL ;3857;273;262;3;8;1777131005
iam.kkwon;https://www.tiktok.com/@iam.kkwon/video/7632736824355507477;ที่คั่งหนังสือ เวอร์ชั่นพี่เจฟค้าบ #GalaxyS26Ultra #withGalaxy #ซัมซุงซูม #THESHOWCASEFESTIVAL;2479;179;175;2;2;1777135037
iam.kkwon;https://www.tiktok.com/@iam.kkwon/video/7633039214535724308;ไลน์อัพจึ้ง กล้อง S26 Ultra จึ้ง 10/10 🫶🏻 #GalaxyS26Ultra #withGalaxy #ซัมซุงซูม #THESHOWCASEFESTIVAL ;21800;1698;1527;32;139;1777205440
