urls;view
https://droidsans.com/new-renders-of-the-samsung-galaxy-s25-ultra-revealed/;11600
https://droidsans.com/samsung-galaxy-s25-ultra-supports-satellite-connection-new-render/;6700
https://droidsans.com/samsung-galaxy-s25-render-leaks/;9200
https://droidsans.com/samsung-galaxy-s25-series-battery-capacity-s25-render/;11700
https://droidsans.com/screen-protect-samsung-galaxy-s25-series-leaks/;3300
https://droidsans.com/snapdragon-8-elite-a18-pro-geekbench/;2700
https://droidsans.com/galaxy-s25-ultra-m13-oled/;7900
https://droidsans.com/iphone-17-air-galaxy-s25-slim-leak/;2900
https://droidsans.com/samsung-gauss2-indroduced-in-sdc24-korea/;759
https://droidsans.com/samsung-one-ui-7-beta-features/;3900
https://droidsans.com/samsung-galaxy-s25-plus-on-geekbench/;9700
https://droidsans.com/samsung-galaxy-s25-series-to-support-qi2-standard/;3100
https://droidsans.com/one-ui-7-audio-eraser/;2000
https://droidsans.com/new-bixby-to-come-with-samsung-galaxy-s25-series/;3100
https://droidsans.com/samsung-galaxy-s25-live-image/;10900
https://droidsans.com/galaxy-unpacked-2025-promote-leak/;4200
https://droidsans.com/galaxy-s25-qi2-magnet-case/;3600
https://droidsans.com/samsung-caught-galaxy-s25-leak-photo/;46500
https://droidsans.com/samsung-decrease-galaxy-z-fold7-z-flip7/;1300
https://droidsans.com/samsung-will-offer-try-gemini-advaced-free-s25-series/;2300
https://droidsans.com/samsung-galaxy-s25-series-haind-raiser-promotion/;20600
https://droidsans.com/samsung-google-launch-qi2-phone-2025/;2900
https://droidsans.com/leak-clear-case-s25-series-has-magnet-ring-qi2/;2600
https://droidsans.com/samsung-galaxy-s25-release-date/;1800
https://droidsans.com/everything-we-know-about-samsung-galaxy-s25-series/;9900
https://droidsans.com/samsung-e-voucher-2000/;4300
https://droidsans.com/samsung-ai-subscription-club-ces-2025/;508
https://droidsans.com/samsung-galaxy-a56-tenaa-passed/;7300
https://droidsans.com/samsung-galaxy-s25-series-color-leaks/;26300
https://droidsans.com/samsung-galaxy-s25-series-promoting-materials-leak/;5300
https://droidsans.com/samsung-galaxy-s25-and-plus-hands-on/;109700
https://droidsans.com/samsung-galaxy-s25-ultra-hands-on/;98400
https://droidsans.com/samsung-galaxy-s25-series-thai-price/;12100
https://droidsans.com/samsung-galaxy-s25-ultra-spec-launch/;10400
https://droidsans.com/samsung-galaxy-s25-edge-photos/;7700
https://droidsans.com/how-to-choose-magnet-case-can-use-spen-on-s25-ultra/;4200
https://droidsans.com/new-galaxy-ai-in-s25-series/;4400
https://droidsans.com/gemini-advanced-free-for-s25-series-users/;3600
https://droidsans.com/samsung-galaxy-s25-plus-specs-launch/;2000
https://droidsans.com/%e0%b9%80%e0%b8%97%e0%b8%b5%e0%b8%a2%e0%b8%9a%e0%b8%aa%e0%b9%80%e0%b8%9b%e0%b8%84-samsung-galaxy-s25-s25-s25-ultra-vs-galaxy-s24-s24-s24-ultra-%e0%b8%ad%e0%b8%b1%e0%b8%9b%e0%b9%80%e0%b8%81/;21700
https://droidsans.com/samsung-galaxy-s25-ultra-specs-compare/;12700
https://droidsans.com/compare-galaxy-s25-ultra-vs-iphone-16-pro-max-spec/;7400
https://droidsans.com/compare-spec-samsung-galaxy-s25-s25plus-iphone16pro/;5000
https://droidsans.com/samsung-galaxy-s25-ultra-16gb-only-in-3-countries/;12000
https://droidsans.com/samsung-galaxy-s25-series-preorder-pro/;6000
https://droidsans.com/samsung-galaxy-s25-edge-3c/;4600
https://droidsans.com/why-galaxy-s25-ultra-s-pen-ditch-bluetooth/;41700
https://droidsans.com/galaxy-s25-qi-v2-1-confirm/;23400
https://droidsans.com/galaxy-s25-s-pen-bluetooth-sold-separate/;2100
https://droidsans.com/mistake-bluetooth-spen-s25-ultra/;2300
https://droidsans.com/how-much-snapdragon-8-elite-for-galaxy/;14000
https://droidsans.com/galaxy-s25-ultra-improve-display-color/;2900
https://droidsans.com/samsung-camera-assistant/;2000
https://droidsans.com/galaxy-s25-most-popular-color/;13200
https://droidsans.com/samsung-galaxy-s25-edge-camera-detail-leaks/;5100
https://droidsans.com/s25-series-pricing-for-repair/;9400
https://droidsans.com/jerryrigeverything-galaxy-s25-ultra-test/;15100
https://droidsans.com/one-ui-7-timline-unofficial/;27200
https://droidsans.com/the-verge-review-galaxy-s25-ultra/;8800
https://droidsans.com/samsung-s25-pre-orders-new-high-korea/;5700
https://droidsans.com/samsung-galaxy-s25-ultra-reason-for-no-camera-upgrade/;4100
https://droidsans.com/samsung-galaxy-s26-ultra-udc-leak/;3400
https://droidsans.com/samsung-new-galaxy-ai-subscription-club-korea/;3300
https://droidsans.com/galaxy-s25-ultra-found-spen-charging-pad/;5100
https://droidsans.com/samsung-reportedly-developed-two-s25-edge-prototypes/;2400
https://droidsans.com/samsung-galaxy-s25-s25-plus-review/;8600
https://droidsans.com/samsung-galaxy-a56-new-render-leak/;20900
https://droidsans.com/galaxy-s25-ultra-ifixit/;7900
https://droidsans.com/samsung-galaxy-ai-features-support/;5700
https://droidsans.com/s-pen-on-samsung-galaxy-z-fold-7-feature-may-deducted/;1400
https://droidsans.com/samsung-galaxy-a25-5g-jp-one-ui-7/;9600
https://droidsans.com/samsung-skip-one-ui-71-one-ui-8/;14000
https://droidsans.com/review-samsung-galaxy-a06-5g/;9000
https://droidsans.com/samsung-galaxy-tab-s10-fe-and-s10-fe-plus-launch-coming/;4200
