Date_Extracted,Published_Date,Heading,URL,Body_Snippet,Source_Site
11/5/2026,Unknown,Fitness First Thailand Official Site | Premium Gym & Fitness Center,https://www.fitnessfirst.com/th/th,"ออกกำลังกายในฟิตเนสที่พร้อมไปด้วยอุปกรณ์เสริมสร้างกล้ามเนื้อ คาร์ดิโอและอุปกรณ์ฟังก์ชันนัลฟิตเนสจาก Technogym, Life Fitness และ Rogue.",www.fitnessfirst.com
11/5/2026,Unknown,Fitness First Thailand (@FitnessFirstThailand) - Facebook,https://www.facebook.com/FitnessFirstThailand/?locale=th_TH,มาฝึกซ้อมร่างกายให้ฟิตพร้อมสำหรับการวิ่งเทรลของคุณกัน ได้เลยที่ Fitness First คลิก https://bit.ly/4cx3K6o . #FitnessFirstThailand #TrailRunning #FFTHTITANS . ติดตามเราเพิ่มเติม ...,www.facebook.com
11/5/2026,Unknown,Fitness First Thailand (@fitnessfirstthailand) - Instagram,https://www.instagram.com/fitnessfirstthailand/,หยุดยาวไปนาน...ถึงเวลาคืนฟอร์มช่วงล่างให้แกร่งกว่าเดิม! กล้ามเนื้ออาจจะพัก แต่เราต้องไม่หยุดพุ่ง! ถ้าอยากกลับมาฟิตไวแบบติดสปีด ต้องโฟกัสที่ Lower Body เพราะนี่คือคีย์ลับของการเบิร์น! . ทำไมต้อง ...,www.instagram.com
11/5/2026,Unknown,Fitness First Thailand - YouTube,https://www.youtube.com/FitnessFirstThailand,Fitness First Thailand Official Youtube Channel - The fastest growing fitness chain club in Thailand ...more. Fitness First Thailand Official Youtube ...,www.youtube.com
11/5/2026,Unknown,สั่งซื้อสินค้าออนไลน์จาก Fitness First Thailand,https://shopee.co.th/evolution.wellness.thailand,rating-star 4.8 เรตติ้งร้าน. ขายได้ 1 ชิ้น. location-icon จังหวัดกรุงเทพมหานคร. Fitness First Thailand ฟิตเนสระดับพรีเมียม ครบทุกคลาส ออกกำลังกายได้ทุกเป้าหมาย.,shopee.co.th
11/5/2026,3 วันที่ผ่านมา,Fitness First Arena.mp4 - Facebook,https://www.facebook.com/FitnessFirstThailand/videos/fitness-first-arenamp4/2032116214183663/,FITNESS FIRST ARENA IS COMING ‼️ Experience Group Exercise At Its Best. วันที่ 13 มิถุนายนนี้ พร้อมระเบิดพลังจัดเต็ม ...,www.facebook.com
11/5/2026,Unknown,[E-Voucher Fitness First] แพ็กเกจ ฟิตเนส 1 เดือน Premium Passport,https://www.lazada.co.th/products/e-voucher-fitness-first-1-premium-passport-i1639498974.html,แพคเกจ Premium passport · เล่นฟิตเนสได้ 23 คลับ เป็นเวลา 30 วัน · สิทธิประโยชน์เมื่อสมัครสมาชิก 12 เดือน หลังการใช้แพคเกจนี้ · รายละเอียดและเงื่อนไขการใช้คูปอง · สาขาที่เลือกใช้บริการได้.,www.lazada.co.th
11/5/2026,"Apr 23, 2026",Fitness First,https://www.waucondaparks.com/fitness-first/,Fitness First · Current Hours: · Monday-Thursday 5:00am-8:00pm · Friday 5:00am-6:00pm · Saturday 7:00am-1:00pm · Sunday 7:00am-12:00pm · Conveniently located on ...,www.waucondaparks.com
11/5/2026,Unknown,"Ever heard of ""Fitness First""",https://www.facebook.com/AFamnncosnco/posts/ever-heard-of-fitness-first/1286771003584506/,"Find your ideal health style with Fitness First in Dhaka. From Cardio theatres, Zumba, Aerobics, Power Yoga, Weight Practice, cycling studio, gym and much more ...",www.facebook.com
11/5/2026,Unknown,THIS SATURDAY! MAY 9th SKYFIT DANCE FITNESS ...,https://www.instagram.com/p/DYDVR7ikS3I/,"MAY 9th SKYFIT DANCE FITNESS will be in Kannapolis at @oldarmorbeer 11:30 AM If you like to dance, workout and be in a positive environment then this is the ...",www.instagram.com
11/5/2026,Unknown,🏋️‍♂️ ... #gymselfie #gayguy #gayman #selfie #fitnessfirst,https://www.instagram.com/p/DX2QsocDNUw/,"🏋️‍♂️ ... #gymselfie #gayguy #gayman #selfie #fitnessfirst ... Photo by Matt Sh on April 18, 2026. May be a selfie of one.",www.instagram.com
11/5/2026,Unknown,Remember this!👏 #fitness #wellness #fitnessfirst # ...,https://www.instagram.com/p/DW4D7weCQix/?__d=1tiktok%E8%B4%A6%E5%8F%B7%E9%94%80%E5%94%AE%E4%B8%AD%E5%BF%83%2B-%2B%E5%BF%AB%E6%89%8B%E5%B0%8F%E5%8F%B7%E8%B4%AD%E4%B9%B0%E5%B9%B3%E5%8F%B0%2B%E2%9C%94%EF%B8%8Fxxh.one-%E5%BF%AB%E6%89%8B%E5%8F%B7%E5%B7%B2%E5%AE%9E%E5%90%8D%E6%9C%89%E7%B2%89%E4%B8%9D%E5%87%BA%E5%94%AE,Remember this! · You ARE capable #fitness #motivational #wellness #health #fitnessgirl · Great full body workout! · My top tips for getting the strong body you ...,www.instagram.com
11/5/2026,15 ม.ค. 2026,VIRTUAL LES MILLS GRIT Athletic Classes FitnessFirst AU,https://www.fitnessfirst.com.au/classes/virtual-les-mills-grit-athletic/,VIRTUAL LES MILLS GRIT Athletic Group Fitness Class. View class timetables online at FitnessFirst AU.,www.fitnessfirst.com.au
11/5/2026,Unknown,ข่าวfitness first ล่าสุด - RYT9,https://www.ryt9.com/tag/fitness+first,"บันเทิง ก.ย. 62 –ThaiPR.net ฟิตเนส เฟิรส์ท คลับไอคอน ฟิตเนสคลับสำหรับคนรักสุขภาพ แลนด์มาร์คของการออกกำลังกาย หนึ่งเดียวในภูมิภาคเอเชียครอบคลุมพื้นที่กว่า 4,000 ตารางเมตร...",www.ryt9.com
11/5/2026,Unknown,สาขา Fitness First Thailand (ฟิตเนส เฟิรส์ท) ทั้งหมด - Sale Here,https://salehere.co.th/fitness-first/branches,"ภาคตะวันออกเฉียงเหนือ. Fitness First Thailand. สาขา The Mall Korat (เดอะมอลล์ โคราช). ชั้น 3 โซนโรงหนัง. จันทร์ - ศุกร์ 06:00 - 21:30 น., เสาร์ - อาทิตย์ 08:00 - 21:30 น.",salehere.co.th
11/5/2026,7 วันที่ผ่านมา,Fitness First BurJuman Centre Reimagined - TikTok,https://www.tiktok.com/@fitnessfirstme/video/7636058058174582048,TikTok video from FitnessFirstMe (@fitnessfirstme): “Fitness First BurJuman Centre is undergoing a complete renovation!,www.tiktok.com
11/5/2026,31 มี.ค. 2569,ตั้งเป้าหมายไว้ แต่ทำไม่ได้แก้ยังไงดี @fitnessfirstthailand สมัครสมาชิกใหม่ ...,https://www.instagram.com/reel/DWlAuHilZKC/,... profile picture · kotaro_na. •. Follow · Fitness First Central Rama 2. 58 likes. kotaro_na. ตัวจะแตก #bodypump #fitnessfirst # ...,www.instagram.com
11/5/2026,11 มี.ค. 2569,รวมพลังความยินดี...ฉลองครบรอบ 25 ปี Fitness First Thailand! พบกับความ ...,https://www.facebook.com/FitnessFirstThailand/videos/-%E0%B8%A3%E0%B8%A7%E0%B8%A1%E0%B8%9E%E0%B8%A5%E0%B8%B1%E0%B8%87%E0%B8%84%E0%B8%A7%E0%B8%B2%E0%B8%A1%E0%B8%A2%E0%B8%B4%E0%B8%99%E0%B8%94%E0%B8%B5%E0%B8%89%E0%B8%A5%E0%B8%AD%E0%B8%87%E0%B8%84%E0%B8%A3%E0%B8%9A%E0%B8%A3%E0%B8%AD%E0%B8%9A-25-%E0%B8%9B%E0%B8%B5-fitness-first-thailand-%E0%B8%9E%E0%B8%9A%E0%B8%81%E0%B8%B1%E0%B8%9A%E0%B8%84%E0%B8%A7%E0%B8%B2%E0%B8%A1%E0%B8%9B%E0%B8%A3%E0%B8%B0%E0%B8%97%E0%B8%B1%E0%B8%9A%E0%B9%83%E0%B8%88%E0%B9%81%E0%B8%A5%E0%B8%B0%E0%B8%84%E0%B8%B3%E0%B8%82/1644065933456854/,... fitnessfirst.co.th https://visitstore.bio/fitnessfirstth Line@fitnessfirstth Fitness Helpline: 02-118-6665 | Fitness First Thailand | Facebook ...,www.facebook.com
11/5/2026,Unknown,[E-Voucher Fitness First] แพ็กเกจ ฟิตเนส 1 เดือน Premium Home,https://www.lazada.co.th/products/e-voucher-fitness-first-1-premium-home-i1639544301.html,ฟิตเนส เฟิรส์ท. ฟิตเนส เฟิรส์ท. ฟิตเนส เฟิรส์ท. ติดตาม. 96%. คะแนนร้านค้า. 100%. อัตราการตอบแชท. ไปที่ร้านค้า. แนะนำสำหรับคุณ. สินค้าขายดี. [E-Voucher Fitness First] แพ็กเกจ ฟิตเนส ...,www.lazada.co.th
11/5/2026,2 พ.ค. 2026,Watch Ratiopharm Ulm at Fitness First Würzburg Baskets ...,https://www.fubo.tv/welcome/matches/EP025213721138,Watch the Ratiopharm Ulm at Fitness First Würzburg Baskets game on Fubo live. Start your free trial today! Watch your local teams with Regional Sports N...,www.fubo.tv
11/5/2026,14 ก.พ. 2026,Fitness First Sector 65 | Gym in Gurgaon,https://www.fitnessfirst.net.in/clubs/fitness-first-sector-65-gurugram,This 18000 square feet club is housing a studio each for indoor cycling and aerobics/ yoga has been made to international standards.,www.fitnessfirst.net.in
11/5/2026,1 พ.ค. 2026,Gym Free Trial Pass | Orangetheory Fitness - First Class Free,https://www.orangetheory.com/en-us/free-gym-trial,Get a free trial pass at an Orangetheory Fitness near you. Experience full-body strength and cardio fitness workout. Get a free class today!,www.orangetheory.com
11/5/2026,24 ม.ค. 2026,How to unlock your first push up!!!! #calisthenics ...,https://www.threads.com/@lennycalisthenics/post/DT5eqX3AFmS/video-how-to-unlock-your-first-push-up-calisthenics-bodyweightfitness,#calisthenics #bodyweightfitness #strengthtraining #fitnessfirst ... Do this! ... Don't underestimate the power of Push-Ups — one of the best bodyweight exercises ...,www.threads.com
11/5/2026,3 วันที่ผ่านมา,ปักหมุด 27 HYROX Training Club ซ้อมให้ยับก่อนลงสนามจริง! - the standard,https://thestandard.co/life/pinpointing-27-hyrox-training-club-locations-train-hard/,Address: ตรวจสอบสาขาที่มีคลาส HYROX ได้ทางเว็บไซต์ Fitness First. Budget: รูปแบบสมาชิกรายเดือน/ ปี. Website: https://www.fitnessfirst.com/th/th.,thestandard.co
11/5/2026,2 เม.ย. 2569,How does your Best Weekend look like? ‍♀️ วันหยุดสุดสัปดาห์ที่ดี คือการ ...,https://www.facebook.com/FitnessFirstThailand/videos/the-best-weekend-is-weekend-whats-on-/1871358570187410/,... fitnessfirst.co.th https://visitstore.bio/fitnessfirstth Line@fitnessfirstth Fitness Helpline: 02-118-6665 | Fitness First Thailand | Facebook ...,www.facebook.com
11/5/2026,3 วันที่ผ่านมา,ม่วนจอยสุดๆ กับซีคอนเต้นไก่(วันแรก)   มีนัดกันทุกวันพฤหัส ตลอดเดือนพฤษภา ...,https://www.instagram.com/reel/DYEbrLNODcO/,"... เวลา 18.30 - 19.30 น. ที่ ลานหน้าศูนย์ฯ ซีคอนสแควร์ ศรีนครินทร์ #ซีคอนเต้นไก่ #SeaconSquare #ซีคอนศรีนครินทร์ #fitnessfirst #แอโรบิค"".",www.instagram.com
11/5/2026,13 ก.พ. 2569,Fitness First ครบรอบ 25 ปี...ขอบคุณทุกคนที่ร่วมเดินทางมากับเรา ภาพ ...,https://www.facebook.com/FitnessFirstThailand/videos/1-25th-anniver-03mp4/3266542626837423/,ลงทะเบียนรับสิทธิ์ทดลองเล่นฟรี 7 วันเต็มได้ที่ https: //www.fitnessfirst.com/th/th/celebration-25 . #FitnessFirstThailand #25thYearCelebration # ...,www.facebook.com
11/5/2026,25 ธ.ค. 2567,1 วันกับไลฟ์สไตล์แบบพลังเต็มร้อยที่ Fitness First ใครว่ามาฟิตเนสก็แค่มา ...,https://www.instagram.com/reel/DD_7bGLpiMn/,"... ได้ทาง : www.fitnessfirst.co.th https://visitstore.bio/fitnessfirstth Line@fitnessfirstth Fitness Helpline: 02-118-6665"".",www.instagram.com
11/5/2026,2 ชั่วโมงที่ผ่านมา,#แจ้งวัฒนะ fitness first | TikTok,https://www.tiktok.com/@drm00008/video/7638465205474741524,"วิดีโอ TikTok จาก คนสวยที่ชอบกินชาเขียว (@drm00008): ""#แจ้งวัฒนะ fitness first""special pro Fitneesfirst Platinum สมัครวันนี้ เล่นฟรี 42 วัน มีเทรนเนอร์ให้ ...",www.tiktok.com
11/5/2026,14 ส.ค. 2565,มาฟังเหล่าสายเฮ้ลท์(ตี้) Fitness First คลับ Sathorn Square กัน - Facebook,https://www.facebook.com/FitnessFirstThailand/videos/%E0%B8%A1%E0%B8%B2%E0%B8%9F%E0%B8%B1%E0%B8%87%E0%B9%80%E0%B8%AB%E0%B8%A5%E0%B9%88%E0%B8%B2%E0%B8%AA%E0%B8%B2%E0%B8%A2%E0%B9%80%E0%B8%AE%E0%B9%89%E0%B8%A5%E0%B8%97%E0%B9%8C%E0%B8%95%E0%B8%B5%E0%B9%89-fitness-first-%E0%B8%84%E0%B8%A5%E0%B8%B1%E0%B8%9A-sathorn-square-%E0%B8%81%E0%B8%B1%E0%B8%99/595673438628264/,มาฟังเหล่าสายเฮ้ลท์(ตี้) Fitness First คลับ Sathorn Square กันครับ ว่าแต่ละคนนั้นมีแรงบันดาลใจอะไรในการเข้ามาใช้ฟิตเนส ...,www.facebook.com
11/5/2026,Unknown,ซื้อสินค้า Fitness First(ฟิตเนส เฟิรส์ท) | ทุกรุ่น | คัดสรรแบรนด์ดี - Lazada,https://www.lazada.co.th/fitness-first-123318013/,พบกับสินค้า Fitness First(ฟิตเนส เฟิรส์ท) ทุกรุ่นบน Lazada Thailand พร้อมสินค้าใหม่ล่าสุด ราคาพิเศษ และบริการจัดส่งรวดเร็ว เพื่อตอบสนองทุกความต้องการของคุณ!,www.lazada.co.th
11/5/2026,17 ก.ย. 2565,ไม่ว่าจะคุณหรือใคร ก็ดีขึ้นอีกขั้นได้ได้ในคลาสออกกำลังกาย - Facebook,https://www.facebook.com/FitnessFirstThailand/videos/%E0%B9%84%E0%B8%A1%E0%B9%88%E0%B8%A7%E0%B9%88%E0%B8%B2%E0%B8%88%E0%B8%B0%E0%B8%84%E0%B8%B8%E0%B8%93%E0%B8%AB%E0%B8%A3%E0%B8%B7%E0%B8%AD%E0%B9%83%E0%B8%84%E0%B8%A3-%E0%B8%81%E0%B9%87%E0%B8%94%E0%B8%B5%E0%B8%82%E0%B8%B6%E0%B9%89%E0%B8%99%E0%B8%AD%E0%B8%B5%E0%B8%81%E0%B8%82%E0%B8%B1%E0%B9%89%E0%B8%99%E0%B9%84%E0%B8%94%E0%B9%89%E0%B9%84%E0%B8%94%E0%B9%89%E0%B9%83%E0%B8%99%E0%B8%84%E0%B8%A5%E0%B8%B2%E0%B8%AA%E0%B8%AD%E0%B8%AD%E0%B8%81%E0%B8%81%E0%B8%B3%E0%B8%A5%E0%B8%B1%E0%B8%87%E0%B8%81%E0%B8%B2%E0%B8%A2/3335219973428046/,... FitnessFirst​ .​ ติดตามพวกเราได้ผ่านช่องทาง​ Instagram : fitnessfirstthailand​ Youtube : Fitness First Thailand​ www.fitnessfirst.co.th ...,www.facebook.com
11/5/2026,5 ชั่วโมงที่ผ่านมา,ยกสวนลุมมาที่เซ็นทรัลเเจ้งวัฒนะ กับครูตั้มสอนเต้น | Fitness First - TikTok,https://www.tiktok.com/@pai_sightseeing/video/7638425271376334100,"วิดีโอ TikTok จาก Pai Sightseeing (@pai_sightseeing): ""ยกสวนลุมมาที่เซ็นทรัลเเจ้งวัฒนะ กับครูตั้มสอนเต้น | Fitness First | #ครูตั้มสอนเต้น #เต้นแอโรบิค ...",www.tiktok.com
11/5/2026,8 ส.ค. 2567,ลงทุนกับสุขภาพอย่างถูกต้อง ที่ฟิตเนส เฟิรส์ท - Facebook,https://www.facebook.com/FitnessFirstThailand/videos/%E0%B8%A5%E0%B8%87%E0%B8%97%E0%B8%B8%E0%B8%99%E0%B8%81%E0%B8%B1%E0%B8%9A%E0%B8%AA%E0%B8%B8%E0%B8%82%E0%B8%A0%E0%B8%B2%E0%B8%9E%E0%B8%AD%E0%B8%A2%E0%B9%88%E0%B8%B2%E0%B8%87%E0%B8%96%E0%B8%B9%E0%B8%81%E0%B8%95%E0%B9%89%E0%B8%AD%E0%B8%87-%E0%B8%97%E0%B8%B5%E0%B9%88%E0%B8%9F%E0%B8%B4%E0%B8%95%E0%B9%80%E0%B8%99%E0%B8%AA-%E0%B9%80%E0%B8%9F%E0%B8%B4%E0%B8%A3%E0%B8%AA%E0%B9%8C%E0%B8%97/356393267518256/,"Fitness First Thailand 󱢏. Aug 8, 2024󰞋󱟠. 󳄫 ...",www.facebook.com
11/5/2026,12 มี.ค. 2569,รวมพลังความยินดี...ฉลองครบรอบ 25 ปี Fitness First Thailand! พบกับความ ...,https://www.instagram.com/reel/DVxUCSslI2a/,⛱️ เตรียมความฟิต พร้อมลุยรับหน้าร้อนไปกับเทรนเนอร์มากประสบการณ์ ซื้อ 5 ครั้ง แถมฟรี 1 ครั้ง (อายุใช้งาน 2 เดือน) 🗓️ ระยะเวลาโปรโมชั่นตั้งแต่วันนี้ – 30 เมษายน 2026 เท่านั้น,www.instagram.com
11/5/2026,4 ก.ค. 2567,สมัครวันนี้ รับวันฟรีเพิ่ม 28 วัน* เส้นทางสุขภาพดี จะง่ายขึ้นมากเมื่อมีเพื่อนที่มี ...,https://www.facebook.com/FitnessFirstThailand/videos/-%E0%B8%AA%E0%B8%A1%E0%B8%B1%E0%B8%84%E0%B8%A3%E0%B8%A7%E0%B8%B1%E0%B8%99%E0%B8%99%E0%B8%B5%E0%B9%89-%E0%B8%A3%E0%B8%B1%E0%B8%9A%E0%B8%A7%E0%B8%B1%E0%B8%99%E0%B8%9F%E0%B8%A3%E0%B8%B5%E0%B9%80%E0%B8%9E%E0%B8%B4%E0%B9%88%E0%B8%A1-28-%E0%B8%A7%E0%B8%B1%E0%B8%99/1194191408277439/,"Last viewed on: May 1, 2026. More videos you may like.",www.facebook.com
11/5/2026,7 วันที่ผ่านมา,@gemsati ผู้ชายเล่นคาลิสเทนิคเค้าเป็นแบบนี้กันปกติใช่มั้ยคะ | TikTok,https://www.tiktok.com/@baitoeyylift/video/7636039245110529300,"... Fitness First! #Vsoy #VsoyHealthyLongLife #VsoyThailand #FitnessFirst. Keywords: Vsoy นมถั่วเหลืองช่วยลดน้ำหนัก, แชร์ทริคดูแลหุ่นสุขภาพ ...",www.tiktok.com
11/5/2026,16 พ.ค. 2567,สมัครวันนี้ รับวันฟรีเพิ่ม 28 วัน* เส้นทางสุขภาพดี จะง่ายขึ้นมากเมื่อมีเพื่อนที่มี ...,https://www.facebook.com/FitnessFirstThailand/videos/-%E0%B8%AA%E0%B8%A1%E0%B8%B1%E0%B8%84%E0%B8%A3%E0%B8%A7%E0%B8%B1%E0%B8%99%E0%B8%99%E0%B8%B5%E0%B9%89-%E0%B8%A3%E0%B8%B1%E0%B8%9A%E0%B8%A7%E0%B8%B1%E0%B8%99%E0%B8%9F%E0%B8%A3%E0%B8%B5%E0%B9%80%E0%B8%9E%E0%B8%B4%E0%B9%88%E0%B8%A1-28-%E0%B8%A7%E0%B8%B1%E0%B8%99/772346474986549/,"Last viewed on: May 9, 2026. More videos you may like.",www.facebook.com